source,source_match_id,source_url,partida_id,temporada_id,rodada,data,mandante,visitante,gols_mandante,gols_visitante,match_method,formacao_mandante,formacao_visitante,tecnico_mandante,tecnico_visitante
Transfermarkt,3477099,https://www.transfermarkt.com.br/spielbericht/index/spielbericht/3477099,553,2004,1,2004-04-21,Botafogo-RJ,Goias,1,4,exact,,,Levir Culpi,Celso Roth
Transfermarkt,3477100,https://www.transfermarkt.com.br/spielbericht/index/spielbericht/3477100,554,2004,1,2004-04-21,Figueirense,Internacional,1,0,exact,,,Dorival Júnior,Lori Sandri
Transfermarkt,3477101,https://www.transfermarkt.com.br/spielbericht/index/spielbericht/3477101,555,2004,1,2004-04-21,Sao Caetano,Vitoria,1,0,exact,,,Muricy Ramalho,Agnaldo Liz
Transfermarkt,3477102,https://www.transfermarkt.com.br/spielbericht/index/spielbericht/3477102,556,2004,1,2004-04-21,Cruzeiro,Juventude,2,1,exact,,,Luis Antonio Zaluar,Ivo Wortmann
Transfermarkt,3477103,https://www.transfermarkt.com.br/spielbericht/index/spielbericht/3477103,557,2004,1,2004-04-21,Palmeiras,Atletico-MG,0,0,exact,,,Jair Picerni,Paulo Bonamigo
Transfermarkt,3477104,https://www.transfermarkt.com.br/spielbericht/index/spielbericht/3477104,558,2004,1,2004-04-21,Gremio,Flamengo,0,0,exact,,,Adilson Batista,Abel Braga
Transfermarkt,3477105,https://www.transfermarkt.com.br/spielbericht/index/spielbericht/3477105,559,2004,1,2004-04-21,Ponte Preta,Corinthians,3,2,exact,,,Estevam Soares,Oswaldo de Oliveira
Transfermarkt,3477106,https://www.transfermarkt.com.br/spielbericht/index/spielbericht/3477106,560,2004,1,2004-04-21,Parana,Santos,3,2,exact,,,Paulo Campos,Emerson Leão
Transfermarkt,3477107,https://www.transfermarkt.com.br/spielbericht/index/spielbericht/3477107,561,2004,1,2004-04-22,Coritiba,Guarani,1,0,exact,,,Antônio Lopes,Joel Santana
Transfermarkt,3477108,https://www.transfermarkt.com.br/spielbericht/index/spielbericht/3477108,562,2004,1,2004-04-22,Vasco,Criciuma,0,1,exact,,,Geninho,Vágner Benazzi
Transfermarkt,3477109,https://www.transfermarkt.com.br/spielbericht/index/spielbericht/3477109,563,2004,1,2004-04-22,Paysandu,Fluminense,3,3,exact,,,Arthur Neto,Ricardo Gomes
Transfermarkt,3477111,https://www.transfermarkt.com.br/spielbericht/index/spielbericht/3477111,565,2004,2,2004-04-24,Flamengo,Ponte Preta,0,0,exact,,,Abel Braga,Estevam Soares
Transfermarkt,3477112,https://www.transfermarkt.com.br/spielbericht/index/spielbericht/3477112,566,2004,2,2004-04-24,Goias,Cruzeiro,2,2,exact,,,Celso Roth,Luis Antonio Zaluar
Transfermarkt,3477113,https://www.transfermarkt.com.br/spielbericht/index/spielbericht/3477113,567,2004,2,2004-04-24,Juventude,Gremio,1,1,exact,,,Ivo Wortmann,Adilson Batista
Transfermarkt,3477114,https://www.transfermarkt.com.br/spielbericht/index/spielbericht/3477114,568,2004,2,2004-04-25,Internacional,Palmeiras,1,0,exact,,,Lori Sandri,Jair Picerni
Transfermarkt,3477115,https://www.transfermarkt.com.br/spielbericht/index/spielbericht/3477115,569,2004,2,2004-04-25,Atletico-MG,Vasco,1,1,exact,,,Paulo Bonamigo,Geninho
Transfermarkt,3477116,https://www.transfermarkt.com.br/spielbericht/index/spielbericht/3477116,570,2004,2,2004-04-25,Fluminense,Coritiba,1,1,exact,,,Ricardo Gomes,Antônio Lopes
Transfermarkt,3477117,https://www.transfermarkt.com.br/spielbericht/index/spielbericht/3477117,571,2004,2,2004-04-25,Corinthians,Paysandu,2,1,exact,,,Oswaldo de Oliveira,Arthur Neto
Transfermarkt,3477118,https://www.transfermarkt.com.br/spielbericht/index/spielbericht/3477118,572,2004,2,2004-04-25,Guarani,Sao Caetano,1,1,exact,,,Joel Santana,Muricy Ramalho
Transfermarkt,3477120,https://www.transfermarkt.com.br/spielbericht/index/spielbericht/3477120,574,2004,2,2004-04-25,Vitoria,Parana,6,1,exact,,,Agnaldo Liz,Paulo Campos
Transfermarkt,3477121,https://www.transfermarkt.com.br/spielbericht/index/spielbericht/3477121,575,2004,2,2004-04-25,Criciuma,Sao Paulo,1,1,exact,,,Vágner Benazzi,Cuca
Transfermarkt,3477122,https://www.transfermarkt.com.br/spielbericht/index/spielbericht/3477122,576,2004,2,2004-04-25,Santos,Botafogo-RJ,2,0,exact,,,Emerson Leão,Levir Culpi
Transfermarkt,3477123,https://www.transfermarkt.com.br/spielbericht/index/spielbericht/3477123,577,2004,3,2004-04-28,Botafogo-RJ,Atletico-MG,2,2,exact,,,Luiz Roberto Matter,Paulo Bonamigo
Transfermarkt,3477124,https://www.transfermarkt.com.br/spielbericht/index/spielbericht/3477124,578,2004,3,2004-04-28,Coritiba,Internacional,1,1,exact,,,Antônio Lopes,Lori Sandri
Transfermarkt,3477125,https://www.transfermarkt.com.br/spielbericht/index/spielbericht/3477125,579,2004,3,2004-04-28,Paysandu,Athletico-PR,0,3,exact,,,Arthur Neto,Lio Evaristo
Transfermarkt,3477126,https://www.transfermarkt.com.br/spielbericht/index/spielbericht/3477126,580,2004,3,2004-04-28,Cruzeiro,Criciuma,2,2,exact,,,Paulo César Gusmão,Vágner Benazzi
Transfermarkt,3477127,https://www.transfermarkt.com.br/spielbericht/index/spielbericht/3477127,581,2004,3,2004-04-28,Ponte Preta,Goias,2,0,exact,,,Estevam Soares,Celso Roth
Transfermarkt,3477128,https://www.transfermarkt.com.br/spielbericht/index/spielbericht/3477128,582,2004,3,2004-04-28,Gremio,Corinthians,4,0,exact,,,Adilson Batista,Oswaldo de Oliveira
Transfermarkt,3477129,https://www.transfermarkt.com.br/spielbericht/index/spielbericht/3477129,583,2004,3,2004-04-28,Figueirense,Santos,2,1,exact,,,Dorival Júnior,Emerson Leão
Transfermarkt,3477130,https://www.transfermarkt.com.br/spielbericht/index/spielbericht/3477130,584,2004,3,2004-04-28,Sao Paulo,Fluminense,1,0,exact,,,Cuca,Ricardo Gomes
Transfermarkt,3477131,https://www.transfermarkt.com.br/spielbericht/index/spielbericht/3477131,585,2004,3,2004-04-29,Parana,Flamengo,2,1,exact,,,Paulo Campos,Abel Braga
Transfermarkt,3477132,https://www.transfermarkt.com.br/spielbericht/index/spielbericht/3477132,586,2004,3,2004-04-29,Vasco,Guarani,0,1,exact,,,Geninho,Joel Santana
Transfermarkt,3477218,https://www.transfermarkt.com.br/spielbericht/index/spielbericht/3477218,588,2004,3,2004-04-27,Sao Caetano,Juventude,1,0,round_teams_score,,,Muricy Ramalho,Ivo Wortmann
Transfermarkt,3477134,https://www.transfermarkt.com.br/spielbericht/index/spielbericht/3477134,589,2004,4,2004-05-01,Internacional,Paysandu,1,0,exact,,,Lori Sandri,Givanildo Oliveira
Transfermarkt,3477135,https://www.transfermarkt.com.br/spielbericht/index/spielbericht/3477135,590,2004,4,2004-05-01,Criciuma,Botafogo-RJ,1,0,exact,,,Vágner Benazzi,Luiz Roberto Matter
Transfermarkt,3477136,https://www.transfermarkt.com.br/spielbericht/index/spielbericht/3477136,591,2004,4,2004-05-01,Atletico-MG,Ponte Preta,1,2,exact,,,Paulo Bonamigo,Estevam Soares
Transfermarkt,3477137,https://www.transfermarkt.com.br/spielbericht/index/spielbericht/3477137,592,2004,4,2004-05-01,Goias,Gremio,4,0,exact,,,Celso Roth,Adilson Batista
Transfermarkt,3477138,https://www.transfermarkt.com.br/spielbericht/index/spielbericht/3477138,593,2004,4,2004-05-02,Flamengo,Sao Caetano,1,1,exact,,,Abel Braga,Muricy Ramalho
Transfermarkt,3477139,https://www.transfermarkt.com.br/spielbericht/index/spielbericht/3477139,594,2004,4,2004-05-02,Santos,Cruzeiro,1,3,exact,,,Emerson Leão,Luis Antonio Zaluar
Transfermarkt,3477140,https://www.transfermarkt.com.br/spielbericht/index/spielbericht/3477140,595,2004,4,2004-05-02,Fluminense,Vasco,1,0,exact,,,Ricardo Gomes,Geninho
Transfermarkt,3477141,https://www.transfermarkt.com.br/spielbericht/index/spielbericht/3477141,596,2004,4,2004-05-02,Corinthians,Palmeiras,0,4,exact,,,Oswaldo de Oliveira,Jair Picerni
Transfermarkt,3477142,https://www.transfermarkt.com.br/spielbericht/index/spielbericht/3477142,597,2004,4,2004-05-02,Juventude,Parana,4,0,exact,,,Ivo Wortmann,Paulo Campos
Transfermarkt,3477143,https://www.transfermarkt.com.br/spielbericht/index/spielbericht/3477143,598,2004,4,2004-05-02,Vitoria,Figueirense,3,1,exact,,,Agnaldo Liz,Dorival Júnior
Transfermarkt,3477144,https://www.transfermarkt.com.br/spielbericht/index/spielbericht/3477144,599,2004,4,2004-05-02,Guarani,Sao Paulo,2,3,exact,,,Joel Santana,Cuca
Transfermarkt,3477145,https://www.transfermarkt.com.br/spielbericht/index/spielbericht/3477145,600,2004,4,2004-05-02,Athletico-PR,Coritiba,1,1,exact,,,Levir Culpi,Antônio Lopes
Transfermarkt,3477146,https://www.transfermarkt.com.br/spielbericht/index/spielbericht/3477146,601,2004,5,2004-05-08,Santos,Juventude,2,1,exact,,,Márcio Fernandes,Ivo Wortmann
Transfermarkt,3477147,https://www.transfermarkt.com.br/spielbericht/index/spielbericht/3477147,602,2004,5,2004-05-08,Parana,Cruzeiro,2,0,exact,,,Paulo Campos,Paulo César Gusmão
Transfermarkt,3477148,https://www.transfermarkt.com.br/spielbericht/index/spielbericht/3477148,603,2004,5,2004-05-08,Guarani,Athletico-PR,0,0,exact,,,Joel Santana,Levir Culpi
Transfermarkt,3477149,https://www.transfermarkt.com.br/spielbericht/index/spielbericht/3477149,604,2004,5,2004-05-08,Sao Caetano,Criciuma,5,0,exact,,,Muricy Ramalho,Vágner Benazzi
Transfermarkt,3477150,https://www.transfermarkt.com.br/spielbericht/index/spielbericht/3477150,605,2004,5,2004-05-08,Vasco,Gremio,1,1,exact,,,Geninho,Adilson Batista
Transfermarkt,3477151,https://www.transfermarkt.com.br/spielbericht/index/spielbericht/3477151,606,2004,5,2004-05-08,Palmeiras,Ponte Preta,3,0,exact,,,Jair Picerni,Estevam Soares
Transfermarkt,3477152,https://www.transfermarkt.com.br/spielbericht/index/spielbericht/3477152,607,2004,5,2004-05-09,Internacional,Fluminense,0,0,exact,,,Lori Sandri,Ricardo Gomes
Transfermarkt,3477153,https://www.transfermarkt.com.br/spielbericht/index/spielbericht/3477153,608,2004,5,2004-05-09,Atletico-MG,Corinthians,2,2,exact,,,Paulo Bonamigo,Oswaldo de Oliveira
Transfermarkt,3477154,https://www.transfermarkt.com.br/spielbericht/index/spielbericht/3477154,609,2004,5,2004-05-09,Botafogo-RJ,Paysandu,2,2,exact,,,Luiz Roberto Matter,Givanildo Oliveira
Transfermarkt,3477155,https://www.transfermarkt.com.br/spielbericht/index/spielbericht/3477155,610,2004,5,2004-05-09,Goias,Figueirense,1,0,exact,,,Celso Roth,Dorival Júnior
Transfermarkt,3477156,https://www.transfermarkt.com.br/spielbericht/index/spielbericht/3477156,611,2004,5,2004-05-09,Vitoria,Flamengo,5,1,exact,,,Agnaldo Liz,Abel Braga
Transfermarkt,3477157,https://www.transfermarkt.com.br/spielbericht/index/spielbericht/3477157,612,2004,5,2004-05-09,Coritiba,Sao Paulo,1,2,exact,,,Antônio Lopes,Cuca
Transfermarkt,3477158,https://www.transfermarkt.com.br/spielbericht/index/spielbericht/3477158,613,2004,6,2004-05-15,Paysandu,Vasco,1,2,exact,,,Givanildo Oliveira,Geninho
Transfermarkt,3477160,https://www.transfermarkt.com.br/spielbericht/index/spielbericht/3477160,615,2004,6,2004-05-16,Cruzeiro,Palmeiras,2,1,exact,,,Paulo César Gusmão,Jair Picerni
Transfermarkt,3477161,https://www.transfermarkt.com.br/spielbericht/index/spielbericht/3477161,616,2004,6,2004-05-16,Flamengo,Internacional,1,2,exact,,,Abel Braga,Lori Sandri
Transfermarkt,3477162,https://www.transfermarkt.com.br/spielbericht/index/spielbericht/3477162,617,2004,6,2004-05-16,Figueirense,Sao Caetano,1,0,exact,,,Dorival Júnior,Muricy Ramalho
Transfermarkt,3477163,https://www.transfermarkt.com.br/spielbericht/index/spielbericht/3477163,618,2004,6,2004-05-16,Criciuma,Goias,7,2,exact,,,Vágner Benazzi,Celso Roth
Transfermarkt,3477164,https://www.transfermarkt.com.br/spielbericht/index/spielbericht/3477164,619,2004,6,2004-05-16,Juventude,Atletico-MG,1,1,exact,,,Ivo Wortmann,Paulo Bonamigo
Transfermarkt,3477165,https://www.transfermarkt.com.br/spielbericht/index/spielbericht/3477165,620,2004,6,2004-05-16,Ponte Preta,Coritiba,0,0,exact,,,Estevam Soares,Antônio Lopes
Transfermarkt,3477166,https://www.transfermarkt.com.br/spielbericht/index/spielbericht/3477166,621,2004,6,2004-05-16,Gremio,Botafogo-RJ,2,2,exact,,,Adilson Batista,Luiz Roberto Matter
Transfermarkt,3477167,https://www.transfermarkt.com.br/spielbericht/index/spielbericht/3477167,622,2004,6,2004-05-16,Sao Paulo,Parana,2,2,exact,,,Cuca,Paulo Campos
Transfermarkt,3477168,https://www.transfermarkt.com.br/spielbericht/index/spielbericht/3477168,623,2004,6,2004-05-16,Fluminense,Vitoria,1,0,exact,,,Ricardo Gomes,Agnaldo Liz
Transfermarkt,3477170,https://www.transfermarkt.com.br/spielbericht/index/spielbericht/3477170,625,2004,7,2004-05-22,Botafogo-RJ,Figueirense,1,1,exact,,,Mauro Galvão,Dorival Júnior
Transfermarkt,3477171,https://www.transfermarkt.com.br/spielbericht/index/spielbericht/3477171,626,2004,7,2004-05-22,Paysandu,Gremio,1,3,exact,,,Givanildo Oliveira,Adilson Batista
Transfermarkt,3477172,https://www.transfermarkt.com.br/spielbericht/index/spielbericht/3477172,627,2004,7,2004-05-22,Internacional,Goias,1,0,exact,,,Lori Sandri,Celso Roth
Transfermarkt,3477173,https://www.transfermarkt.com.br/spielbericht/index/spielbericht/3477173,628,2004,7,2004-05-22,Coritiba,Atletico-MG,0,1,exact,,,Antônio Lopes,Paulo Bonamigo
Transfermarkt,3477174,https://www.transfermarkt.com.br/spielbericht/index/spielbericht/3477174,629,2004,7,2004-05-23,Santos,Palmeiras,0,4,exact,,,Vanderlei Luxemburgo,Wilson Coimbra
Transfermarkt,3477175,https://www.transfermarkt.com.br/spielbericht/index/spielbericht/3477175,630,2004,7,2004-05-23,Flamengo,Fluminense,1,2,exact,,,Abel Braga,Ricardo Gomes
Transfermarkt,3477176,https://www.transfermarkt.com.br/spielbericht/index/spielbericht/3477176,631,2004,7,2004-05-23,Sao Caetano,Vasco,3,2,exact,,,Muricy Ramalho,Geninho
Transfermarkt,3477177,https://www.transfermarkt.com.br/spielbericht/index/spielbericht/3477177,632,2004,7,2004-05-23,Parana,Ponte Preta,0,1,exact,,,Paulo Campos,Estevam Soares
Transfermarkt,3477178,https://www.transfermarkt.com.br/spielbericht/index/spielbericht/3477178,633,2004,7,2004-05-23,Criciuma,Vitoria,2,0,exact,,,Vágner Benazzi,Agnaldo Liz
Transfermarkt,3477179,https://www.transfermarkt.com.br/spielbericht/index/spielbericht/3477179,634,2004,7,2004-05-23,Juventude,Guarani,2,0,exact,,,Ivo Wortmann,Zetti
Transfermarkt,3477180,https://www.transfermarkt.com.br/spielbericht/index/spielbericht/3477180,635,2004,7,2004-05-23,Corinthians,Athletico-PR,0,5,exact,,,Oswaldo de Oliveira,Levir Culpi
Transfermarkt,3477181,https://www.transfermarkt.com.br/spielbericht/index/spielbericht/3477181,636,2004,7,2004-05-23,Cruzeiro,Sao Paulo,2,1,exact,,,Emerson Leão,Cuca
Transfermarkt,3477182,https://www.transfermarkt.com.br/spielbericht/index/spielbericht/3477182,637,2004,8,2004-05-29,Fluminense,Criciuma,1,1,exact,,,Ricardo Gomes,Vágner Benazzi
Transfermarkt,3477184,https://www.transfermarkt.com.br/spielbericht/index/spielbericht/3477184,639,2004,8,2004-05-29,Figueirense,Paysandu,1,1,exact,,,Dorival Júnior,Givanildo Oliveira
Transfermarkt,3477185,https://www.transfermarkt.com.br/spielbericht/index/spielbericht/3477185,640,2004,8,2004-05-29,Palmeiras,Coritiba,2,0,exact,,,Estevam Soares,Antônio Lopes
Transfermarkt,3477186,https://www.transfermarkt.com.br/spielbericht/index/spielbericht/3477186,641,2004,8,2004-05-29,Vitoria,Internacional,2,1,exact,,,Agnaldo Liz,Lori Sandri
Transfermarkt,3477187,https://www.transfermarkt.com.br/spielbericht/index/spielbericht/3477187,642,2004,8,2004-05-30,Atletico-MG,Santos,3,3,exact,,,Paulo Bonamigo,Vanderlei Luxemburgo
Transfermarkt,3477188,https://www.transfermarkt.com.br/spielbericht/index/spielbericht/3477188,643,2004,8,2004-05-30,Vasco,Botafogo-RJ,4,0,exact,,,Geninho,Mauro Galvão
Transfermarkt,3477189,https://www.transfermarkt.com.br/spielbericht/index/spielbericht/3477189,644,2004,8,2004-05-30,Sao Paulo,Corinthians,1,1,exact,,,Cuca,Tite
Transfermarkt,3477190,https://www.transfermarkt.com.br/spielbericht/index/spielbericht/3477190,645,2004,8,2004-05-30,Guarani,Parana,1,0,exact,,,Zetti,Paulo Campos
Transfermarkt,3477191,https://www.transfermarkt.com.br/spielbericht/index/spielbericht/3477191,646,2004,8,2004-05-30,Goias,Flamengo,2,2,exact,,,Celso Roth,Abel Braga
Transfermarkt,3477193,https://www.transfermarkt.com.br/spielbericht/index/spielbericht/3477193,648,2004,8,2004-05-30,Gremio,Sao Caetano,1,2,exact,,,Adilson Batista,Muricy Ramalho
Transfermarkt,3477194,https://www.transfermarkt.com.br/spielbericht/index/spielbericht/3477194,649,2004,9,2004-06-12,Fluminense,Guarani,1,1,exact,,,Ricardo Gomes,Zetti
Transfermarkt,3477195,https://www.transfermarkt.com.br/spielbericht/index/spielbericht/3477195,650,2004,9,2004-06-12,Parana,Botafogo-RJ,1,1,exact,,,Paulo Campos,Mauro Galvão
Transfermarkt,3477196,https://www.transfermarkt.com.br/spielbericht/index/spielbericht/3477196,651,2004,9,2004-06-12,Internacional,Atletico-MG,4,1,exact,,,Lori Sandri,Paulo Bonamigo
Transfermarkt,3477197,https://www.transfermarkt.com.br/spielbericht/index/spielbericht/3477197,652,2004,9,2004-06-12,Sao Paulo,Gremio,3,2,exact,,,Cuca,José Luiz Plein
Transfermarkt,3477198,https://www.transfermarkt.com.br/spielbericht/index/spielbericht/3477198,653,2004,9,2004-06-13,Goias,Corinthians,1,1,exact,,,Celso Roth,Tite
Transfermarkt,3477199,https://www.transfermarkt.com.br/spielbericht/index/spielbericht/3477199,654,2004,9,2004-06-13,Palmeiras,Vasco,2,2,exact,,,Estevam Soares,Geninho
Transfermarkt,3477200,https://www.transfermarkt.com.br/spielbericht/index/spielbericht/3477200,655,2004,9,2004-06-13,Cruzeiro,Paysandu,1,0,exact,,,Emerson Leão,Givanildo Oliveira
Transfermarkt,3477201,https://www.transfermarkt.com.br/spielbericht/index/spielbericht/3477201,656,2004,9,2004-06-13,Coritiba,Sao Caetano,1,0,exact,,,Antônio Lopes,Muricy Ramalho
Transfermarkt,3477202,https://www.transfermarkt.com.br/spielbericht/index/spielbericht/3477202,657,2004,9,2004-06-13,Criciuma,Juventude,2,0,exact,,,Vágner Benazzi,Ivo Wortmann
Transfermarkt,3477203,https://www.transfermarkt.com.br/spielbericht/index/spielbericht/3477203,658,2004,9,2004-06-13,Ponte Preta,Figueirense,0,2,exact,,,Marco Aurélio,Dorival Júnior
Transfermarkt,3477204,https://www.transfermarkt.com.br/spielbericht/index/spielbericht/3477204,659,2004,9,2004-06-13,Flamengo,Athletico-PR,3,0,exact,,,Abel Braga,Levir Culpi
Transfermarkt,3477206,https://www.transfermarkt.com.br/spielbericht/index/spielbericht/3477206,661,2004,10,2004-06-19,Gremio,Coritiba,1,1,exact,,,José Luiz Plein,Antônio Lopes
Transfermarkt,3477208,https://www.transfermarkt.com.br/spielbericht/index/spielbericht/3477208,663,2004,10,2004-06-19,Vasco,Parana,0,0,exact,,,Geninho,Paulo Campos
Transfermarkt,3477209,https://www.transfermarkt.com.br/spielbericht/index/spielbericht/3477209,664,2004,10,2004-06-19,Figueirense,Cruzeiro,0,0,exact,,,Dorival Júnior,Emerson Leão
Transfermarkt,3477210,https://www.transfermarkt.com.br/spielbericht/index/spielbericht/3477210,665,2004,10,2004-06-20,Sao Caetano,Palmeiras,1,1,exact,,,Muricy Ramalho,Estevam Soares
Transfermarkt,3477211,https://www.transfermarkt.com.br/spielbericht/index/spielbericht/3477211,666,2004,10,2004-06-20,Corinthians,Flamengo,1,1,exact,,,Tite,Abel Braga
Transfermarkt,3477212,https://www.transfermarkt.com.br/spielbericht/index/spielbericht/3477212,667,2004,10,2004-06-20,Botafogo-RJ,Ponte Preta,0,1,exact,,,Mauro Galvão,Marco Aurélio
Transfermarkt,3477213,https://www.transfermarkt.com.br/spielbericht/index/spielbericht/3477213,668,2004,10,2004-06-20,Paysandu,Sao Paulo,1,0,exact,,,Givanildo Oliveira,Cuca
Transfermarkt,3477214,https://www.transfermarkt.com.br/spielbericht/index/spielbericht/3477214,669,2004,10,2004-06-20,Guarani,Criciuma,2,1,exact,,,Zetti,Vágner Benazzi
Transfermarkt,3477215,https://www.transfermarkt.com.br/spielbericht/index/spielbericht/3477215,670,2004,10,2004-06-20,Juventude,Goias,1,1,exact,,,Ivo Wortmann,Celso Roth
Transfermarkt,3477216,https://www.transfermarkt.com.br/spielbericht/index/spielbericht/3477216,671,2004,10,2004-06-20,Santos,Internacional,3,0,exact,,,Vanderlei Luxemburgo,Lori Sandri
Transfermarkt,3477217,https://www.transfermarkt.com.br/spielbericht/index/spielbericht/3477217,672,2004,10,2004-06-20,Atletico-MG,Fluminense,2,1,exact,,,Paulo Bonamigo,Ricardo Gomes
Transfermarkt,3477219,https://www.transfermarkt.com.br/spielbericht/index/spielbericht/3477219,673,2004,11,2004-06-26,Criciuma,Gremio,1,2,exact,,,Vágner Benazzi,José Luiz Plein
Transfermarkt,3477220,https://www.transfermarkt.com.br/spielbericht/index/spielbericht/3477220,674,2004,11,2004-06-26,Coritiba,Parana,1,1,exact,,,Antônio Lopes,Paulo Campos
Transfermarkt,3477221,https://www.transfermarkt.com.br/spielbericht/index/spielbericht/3477221,675,2004,11,2004-06-26,Flamengo,Figueirense,0,3,exact,,,Abel Braga,Dorival Júnior
Transfermarkt,3477223,https://www.transfermarkt.com.br/spielbericht/index/spielbericht/3477223,677,2004,11,2004-06-27,Internacional,Vasco,1,3,exact,,,Lori Sandri,Geninho
Transfermarkt,3477224,https://www.transfermarkt.com.br/spielbericht/index/spielbericht/3477224,678,2004,11,2004-06-27,Juventude,Corinthians,1,0,exact,,,Ivo Wortmann,Tite
Transfermarkt,3477225,https://www.transfermarkt.com.br/spielbericht/index/spielbericht/3477225,679,2004,11,2004-06-27,Botafogo-RJ,Fluminense,3,3,exact,,,Mauro Galvão,Ricardo Gomes
Transfermarkt,3477226,https://www.transfermarkt.com.br/spielbericht/index/spielbericht/3477226,680,2004,11,2004-06-27,Palmeiras,Sao Paulo,2,1,exact,,,Estevam Soares,Cuca
Transfermarkt,3477227,https://www.transfermarkt.com.br/spielbericht/index/spielbericht/3477227,681,2004,11,2004-06-27,Paysandu,Vitoria,4,2,exact,,,Givanildo Oliveira,Agnaldo Liz
Transfermarkt,3477228,https://www.transfermarkt.com.br/spielbericht/index/spielbericht/3477228,682,2004,11,2004-06-27,Goias,Sao Caetano,3,2,exact,,,Celso Roth,Muricy Ramalho
Transfermarkt,3477229,https://www.transfermarkt.com.br/spielbericht/index/spielbericht/3477229,683,2004,11,2004-06-27,Ponte Preta,Cruzeiro,1,0,exact,,,Marco Aurélio,Emerson Leão
Transfermarkt,3477231,https://www.transfermarkt.com.br/spielbericht/index/spielbericht/3477231,685,2004,12,2004-07-03,Internacional,Criciuma,3,0,exact,,,Leandro Machado,Vágner Benazzi
Transfermarkt,3477232,https://www.transfermarkt.com.br/spielbericht/index/spielbericht/3477232,686,2004,12,2004-07-03,Sao Paulo,Ponte Preta,2,0,exact,,,Cuca,Marco Aurélio
Transfermarkt,3477234,https://www.transfermarkt.com.br/spielbericht/index/spielbericht/3477234,688,2004,12,2004-07-03,Figueirense,Vasco,2,2,exact,,,Dorival Júnior,Geninho
Transfermarkt,3477235,https://www.transfermarkt.com.br/spielbericht/index/spielbericht/3477235,689,2004,12,2004-07-03,Vitoria,Goias,0,0,exact,,,Oswaldo de Oliveira,Celso Roth
Transfermarkt,3477236,https://www.transfermarkt.com.br/spielbericht/index/spielbericht/3477236,690,2004,12,2004-07-03,Guarani,Atletico-MG,1,1,exact,,,Zetti,Paulo Bonamigo
Transfermarkt,3477237,https://www.transfermarkt.com.br/spielbericht/index/spielbericht/3477237,691,2004,12,2004-07-03,Fluminense,Gremio,2,0,exact,,,Ricardo Gomes,José Luiz Plein
Transfermarkt,3477238,https://www.transfermarkt.com.br/spielbericht/index/spielbericht/3477238,692,2004,12,2004-07-04,Parana,Palmeiras,1,2,exact,,,Gilson Kleina,Estevam Soares
Transfermarkt,3477239,https://www.transfermarkt.com.br/spielbericht/index/spielbericht/3477239,693,2004,12,2004-07-04,Sao Caetano,Botafogo-RJ,1,2,exact,,,Muricy Ramalho,Mauro Galvão
Transfermarkt,3477240,https://www.transfermarkt.com.br/spielbericht/index/spielbericht/3477240,694,2004,12,2004-07-04,Corinthians,Santos,2,3,exact,,,Tite,Vanderlei Luxemburgo
Transfermarkt,3477241,https://www.transfermarkt.com.br/spielbericht/index/spielbericht/3477241,695,2004,12,2004-07-04,Flamengo,Paysandu,4,1,exact,,,Abel Braga,Givanildo Oliveira
Transfermarkt,3477242,https://www.transfermarkt.com.br/spielbericht/index/spielbericht/3477242,696,2004,12,2004-07-04,Cruzeiro,Coritiba,0,3,exact,,,Emerson Leão,Antônio Lopes
Transfermarkt,3477243,https://www.transfermarkt.com.br/spielbericht/index/spielbericht/3477243,697,2004,13,2004-07-06,Sao Paulo,Atletico-MG,1,0,exact,,,Cuca,Paulo Bonamigo
Transfermarkt,3477244,https://www.transfermarkt.com.br/spielbericht/index/spielbericht/3477244,698,2004,13,2004-07-06,Goias,Fluminense,4,0,exact,,,Celso Roth,Ricardo Gomes
Transfermarkt,3477245,https://www.transfermarkt.com.br/spielbericht/index/spielbericht/3477245,699,2004,13,2004-07-06,Gremio,Figueirense,2,2,exact,,,José Luiz Plein,Dorival Júnior
Transfermarkt,3477246,https://www.transfermarkt.com.br/spielbericht/index/spielbericht/3477246,700,2004,13,2004-07-06,Vasco,Vitoria,3,1,exact,,,Geninho,Oswaldo de Oliveira
Transfermarkt,3477247,https://www.transfermarkt.com.br/spielbericht/index/spielbericht/3477247,701,2004,13,2004-07-07,Botafogo-RJ,Internacional,5,1,exact,,,Mauro Galvão,Joel Santana
Transfermarkt,3477248,https://www.transfermarkt.com.br/spielbericht/index/spielbericht/3477248,702,2004,13,2004-07-07,Parana,Athletico-PR,1,0,exact,,,Gilson Kleina,Levir Culpi
Transfermarkt,3477249,https://www.transfermarkt.com.br/spielbericht/index/spielbericht/3477249,703,2004,13,2004-07-07,Cruzeiro,Guarani,2,0,exact,,,Emerson Leão,Zetti
Transfermarkt,3477250,https://www.transfermarkt.com.br/spielbericht/index/spielbericht/3477250,704,2004,13,2004-07-07,Palmeiras,Juventude,4,1,exact,,,Estevam Soares,Ivo Wortmann
Transfermarkt,3477251,https://www.transfermarkt.com.br/spielbericht/index/spielbericht/3477251,705,2004,13,2004-07-07,Paysandu,Sao Caetano,0,0,exact,,,Givanildo Oliveira,Muricy Ramalho
Transfermarkt,3477252,https://www.transfermarkt.com.br/spielbericht/index/spielbericht/3477252,706,2004,13,2004-07-07,Criciuma,Flamengo,1,1,exact,,,Vágner Benazzi,Abel Braga
Transfermarkt,3477254,https://www.transfermarkt.com.br/spielbericht/index/spielbericht/3477254,708,2004,13,2004-07-07,Coritiba,Corinthians,1,2,exact,,,Antônio Lopes,Tite
Transfermarkt,3477255,https://www.transfermarkt.com.br/spielbericht/index/spielbericht/3477255,709,2004,14,2004-07-10,Ponte Preta,Guarani,3,1,exact,,,Marco Aurélio,Zetti
Transfermarkt,3477256,https://www.transfermarkt.com.br/spielbericht/index/spielbericht/3477256,710,2004,14,2004-07-10,Internacional,Gremio,2,0,exact,,,Joel Santana,José Luiz Plein
Transfermarkt,3477257,https://www.transfermarkt.com.br/spielbericht/index/spielbericht/3477257,711,2004,14,2004-07-10,Santos,Sao Paulo,2,1,exact,,,Vanderlei Luxemburgo,Cuca
Transfermarkt,3477258,https://www.transfermarkt.com.br/spielbericht/index/spielbericht/3477258,712,2004,14,2004-07-10,Vitoria,Botafogo-RJ,1,0,exact,,,Oswaldo de Oliveira,Mauro Galvão
Transfermarkt,3477259,https://www.transfermarkt.com.br/spielbericht/index/spielbericht/3477259,713,2004,14,2004-07-10,Flamengo,Vasco,0,1,exact,,,Abel Braga,Geninho
Transfermarkt,3477260,https://www.transfermarkt.com.br/spielbericht/index/spielbericht/3477260,714,2004,14,2004-07-10,Juventude,Coritiba,1,0,exact,,,Ivo Wortmann,Antônio Lopes
Transfermarkt,3477261,https://www.transfermarkt.com.br/spielbericht/index/spielbericht/3477261,715,2004,14,2004-07-10,Goias,Paysandu,3,2,exact,,,Celso Roth,Givanildo Oliveira
Transfermarkt,3477262,https://www.transfermarkt.com.br/spielbericht/index/spielbericht/3477262,716,2004,14,2004-07-10,Corinthians,Parana,1,0,exact,,,Tite,Gilson Kleina
Transfermarkt,3477263,https://www.transfermarkt.com.br/spielbericht/index/spielbericht/3477263,717,2004,14,2004-07-10,Athletico-PR,Palmeiras,0,0,exact,,,Levir Culpi,Estevam Soares
Transfermarkt,3477264,https://www.transfermarkt.com.br/spielbericht/index/spielbericht/3477264,718,2004,14,2004-07-10,Figueirense,Criciuma,2,0,exact,,,Dorival Júnior,Vágner Benazzi
Transfermarkt,3477265,https://www.transfermarkt.com.br/spielbericht/index/spielbericht/3477265,719,2004,14,2004-07-10,Fluminense,Sao Caetano,1,0,exact,,,Ricardo Gomes,Muricy Ramalho
Transfermarkt,3477266,https://www.transfermarkt.com.br/spielbericht/index/spielbericht/3477266,720,2004,14,2004-07-10,Atletico-MG,Cruzeiro,2,0,exact,,,Paulo Bonamigo,Emerson Leão
Transfermarkt,3477267,https://www.transfermarkt.com.br/spielbericht/index/spielbericht/3477267,721,2004,15,2004-07-13,Atletico-MG,Vitoria,1,1,exact,,,Paulo Bonamigo,Oswaldo de Oliveira
Transfermarkt,3477268,https://www.transfermarkt.com.br/spielbericht/index/spielbericht/3477268,722,2004,15,2004-07-13,Corinthians,Criciuma,1,0,exact,,,Tite,Vágner Benazzi
Transfermarkt,3477269,https://www.transfermarkt.com.br/spielbericht/index/spielbericht/3477269,723,2004,15,2004-07-13,Juventude,Fluminense,2,1,exact,,,Ivo Wortmann,Ricardo Gomes
Transfermarkt,3477270,https://www.transfermarkt.com.br/spielbericht/index/spielbericht/3477270,724,2004,15,2004-07-13,Gremio,Cruzeiro,2,3,exact,,,José Luiz Plein,Emerson Leão
Transfermarkt,3477271,https://www.transfermarkt.com.br/spielbericht/index/spielbericht/3477271,725,2004,15,2004-07-13,Guarani,Internacional,2,1,exact,,,Zetti,Joel Santana
Transfermarkt,3477272,https://www.transfermarkt.com.br/spielbericht/index/spielbericht/3477272,726,2004,15,2004-07-13,Figueirense,Parana,0,0,exact,,,Dorival Júnior,Gilson Kleina
Transfermarkt,3477273,https://www.transfermarkt.com.br/spielbericht/index/spielbericht/3477273,727,2004,15,2004-07-13,Paysandu,Ponte Preta,3,0,exact,,,Givanildo Oliveira,Marco Aurélio
Transfermarkt,3477274,https://www.transfermarkt.com.br/spielbericht/index/spielbericht/3477274,728,2004,15,2004-07-13,Athletico-PR,Goias,6,0,exact,,,Levir Culpi,Celso Roth
Transfermarkt,3477275,https://www.transfermarkt.com.br/spielbericht/index/spielbericht/3477275,729,2004,15,2004-07-13,Vasco,Coritiba,2,3,exact,,,Geninho,Antônio Lopes
Transfermarkt,3477276,https://www.transfermarkt.com.br/spielbericht/index/spielbericht/3477276,730,2004,15,2004-07-13,Sao Caetano,Sao Paulo,0,0,exact,,,Muricy Ramalho,Cuca
Transfermarkt,3477277,https://www.transfermarkt.com.br/spielbericht/index/spielbericht/3477277,731,2004,15,2004-07-13,Botafogo-RJ,Palmeiras,1,1,exact,,,Mauro Galvão,Estevam Soares
Transfermarkt,3477278,https://www.transfermarkt.com.br/spielbericht/index/spielbericht/3477278,732,2004,15,2004-07-13,Santos,Flamengo,2,0,exact,,,Vanderlei Luxemburgo,Abel Braga
Transfermarkt,3477279,https://www.transfermarkt.com.br/spielbericht/index/spielbericht/3477279,733,2004,16,2004-07-17,Cruzeiro,Botafogo-RJ,3,2,exact,,,Emerson Leão,Mauro Galvão
Transfermarkt,3477280,https://www.transfermarkt.com.br/spielbericht/index/spielbericht/3477280,734,2004,16,2004-07-17,Internacional,Athletico-PR,6,0,exact,,,Joel Santana,Levir Culpi
Transfermarkt,3477281,https://www.transfermarkt.com.br/spielbericht/index/spielbericht/3477281,735,2004,16,2004-07-17,Palmeiras,Gremio,2,0,exact,,,Estevam Soares,José Luiz Plein
Transfermarkt,3477282,https://www.transfermarkt.com.br/spielbericht/index/spielbericht/3477282,736,2004,16,2004-07-17,Vitoria,Corinthians,1,1,exact,,,Oswaldo de Oliveira,Tite
Transfermarkt,3477283,https://www.transfermarkt.com.br/spielbericht/index/spielbericht/3477283,737,2004,16,2004-07-17,Parana,Sao Caetano,0,1,exact,,,Gilson Kleina,Muricy Ramalho
Transfermarkt,3477284,https://www.transfermarkt.com.br/spielbericht/index/spielbericht/3477284,738,2004,16,2004-07-17,Goias,Guarani,2,0,exact,,,Celso Roth,Zetti
Transfermarkt,3477285,https://www.transfermarkt.com.br/spielbericht/index/spielbericht/3477285,739,2004,16,2004-07-17,Flamengo,Juventude,0,1,exact,,,Abel Braga,Ivo Wortmann
Transfermarkt,3477286,https://www.transfermarkt.com.br/spielbericht/index/spielbericht/3477286,740,2004,16,2004-07-17,Fluminense,Santos,1,0,exact,,,Ricardo Gomes,Vanderlei Luxemburgo
Transfermarkt,3477287,https://www.transfermarkt.com.br/spielbericht/index/spielbericht/3477287,741,2004,16,2004-07-17,Criciuma,Atletico-MG,4,2,exact,,,Vágner Benazzi,Paulo Bonamigo
Transfermarkt,3477288,https://www.transfermarkt.com.br/spielbericht/index/spielbericht/3477288,742,2004,16,2004-07-17,Coritiba,Paysandu,1,1,exact,,,Antônio Lopes,Givanildo Oliveira
Transfermarkt,3477289,https://www.transfermarkt.com.br/spielbericht/index/spielbericht/3477289,743,2004,16,2004-07-17,Ponte Preta,Vasco,3,2,exact,,,Marco Aurélio,Geninho
Transfermarkt,3477290,https://www.transfermarkt.com.br/spielbericht/index/spielbericht/3477290,744,2004,16,2004-07-17,Sao Paulo,Figueirense,2,1,exact,,,Cuca,Dorival Júnior
Transfermarkt,3477291,https://www.transfermarkt.com.br/spielbericht/index/spielbericht/3477291,745,2004,17,2004-07-20,Gremio,Parana,4,0,exact,,,José Luiz Plein,Gilson Kleina
Transfermarkt,3477292,https://www.transfermarkt.com.br/spielbericht/index/spielbericht/3477292,746,2004,17,2004-07-20,Corinthians,Internacional,0,0,exact,,,Tite,Joel Santana
Transfermarkt,3477293,https://www.transfermarkt.com.br/spielbericht/index/spielbericht/3477293,747,2004,17,2004-07-20,Juventude,Vitoria,3,2,exact,,,Ivo Wortmann,Oswaldo de Oliveira
Transfermarkt,3477294,https://www.transfermarkt.com.br/spielbericht/index/spielbericht/3477294,748,2004,17,2004-07-20,Atletico-MG,Goias,0,2,exact,,,Jair Picerni,Celso Roth
Transfermarkt,3477295,https://www.transfermarkt.com.br/spielbericht/index/spielbericht/3477295,749,2004,17,2004-07-20,Guarani,Flamengo,0,1,exact,,,Zetti,Andrade
Transfermarkt,3477296,https://www.transfermarkt.com.br/spielbericht/index/spielbericht/3477296,750,2004,17,2004-07-20,Figueirense,Coritiba,1,1,exact,,,Dorival Júnior,Antônio Lopes
Transfermarkt,3477297,https://www.transfermarkt.com.br/spielbericht/index/spielbericht/3477297,751,2004,17,2004-07-20,Paysandu,Palmeiras,1,0,exact,,,Givanildo Oliveira,Estevam Soares
Transfermarkt,3477298,https://www.transfermarkt.com.br/spielbericht/index/spielbericht/3477298,752,2004,17,2004-07-20,Sao Caetano,Ponte Preta,0,1,exact,,,Muricy Ramalho,Marco Aurélio
Transfermarkt,3477299,https://www.transfermarkt.com.br/spielbericht/index/spielbericht/3477299,753,2004,17,2004-07-20,Vasco,Cruzeiro,3,2,exact,,,Geninho,Emerson Leão
Transfermarkt,3477300,https://www.transfermarkt.com.br/spielbericht/index/spielbericht/3477300,754,2004,17,2004-07-20,Botafogo-RJ,Sao Paulo,1,0,exact,,,Mauro Galvão,Cuca
Transfermarkt,3477301,https://www.transfermarkt.com.br/spielbericht/index/spielbericht/3477301,755,2004,17,2004-07-20,Athletico-PR,Fluminense,4,1,exact,,,Levir Culpi,Ricardo Gomes
Transfermarkt,3477302,https://www.transfermarkt.com.br/spielbericht/index/spielbericht/3477302,756,2004,17,2004-07-20,Santos,Criciuma,5,2,exact,,,Vanderlei Luxemburgo,Vágner Benazzi
Transfermarkt,3477303,https://www.transfermarkt.com.br/spielbericht/index/spielbericht/3477303,757,2004,18,2004-07-24,Fluminense,Corinthians,2,0,exact,,,Ricardo Gomes,Tite
Transfermarkt,3477304,https://www.transfermarkt.com.br/spielbericht/index/spielbericht/3477304,758,2004,18,2004-07-24,Internacional,Juventude,1,2,exact,,,Joel Santana,Ivo Wortmann
Transfermarkt,3477305,https://www.transfermarkt.com.br/spielbericht/index/spielbericht/3477305,759,2004,18,2004-07-24,Sao Paulo,Vasco,1,0,exact,,,Cuca,Geninho
Transfermarkt,3477306,https://www.transfermarkt.com.br/spielbericht/index/spielbericht/3477306,760,2004,18,2004-07-24,Coritiba,Botafogo-RJ,1,0,exact,,,Antônio Lopes,Mauro Galvão
Transfermarkt,3477307,https://www.transfermarkt.com.br/spielbericht/index/spielbericht/3477307,761,2004,18,2004-07-24,Criciuma,Athletico-PR,4,1,exact,,,Vágner Benazzi,Levir Culpi
Transfermarkt,3477308,https://www.transfermarkt.com.br/spielbericht/index/spielbericht/3477308,762,2004,18,2004-07-24,Vitoria,Guarani,3,2,exact,,,Oswaldo de Oliveira,Zetti
Transfermarkt,3477309,https://www.transfermarkt.com.br/spielbericht/index/spielbericht/3477309,763,2004,18,2004-07-24,Flamengo,Atletico-MG,0,0,exact,,,Andrade,Jair Picerni
Transfermarkt,3477311,https://www.transfermarkt.com.br/spielbericht/index/spielbericht/3477311,765,2004,18,2004-07-24,Goias,Santos,3,3,exact,,,Celso Roth,Vanderlei Luxemburgo
Transfermarkt,3477312,https://www.transfermarkt.com.br/spielbericht/index/spielbericht/3477312,766,2004,18,2004-07-24,Palmeiras,Figueirense,0,0,exact,,,Estevam Soares,Dorival Júnior
Transfermarkt,3477313,https://www.transfermarkt.com.br/spielbericht/index/spielbericht/3477313,767,2004,18,2004-07-24,Ponte Preta,Gremio,1,0,exact,,,Marco Aurélio,José Luiz Plein
Transfermarkt,3477314,https://www.transfermarkt.com.br/spielbericht/index/spielbericht/3477314,768,2004,18,2004-07-24,Parana,Paysandu,2,0,exact,,,Gilson Kleina,Givanildo Oliveira
Transfermarkt,3477315,https://www.transfermarkt.com.br/spielbericht/index/spielbericht/3477315,769,2004,19,2004-07-28,Botafogo-RJ,Flamengo,0,0,exact,,,Mauro Galvão,Andrade
Transfermarkt,3477316,https://www.transfermarkt.com.br/spielbericht/index/spielbericht/3477316,770,2004,19,2004-07-28,Corinthians,Cruzeiro,1,0,exact,,,Tite,Emerson Leão
Transfermarkt,3477317,https://www.transfermarkt.com.br/spielbericht/index/spielbericht/3477317,771,2004,19,2004-07-28,Athletico-PR,Ponte Preta,4,0,exact,,,Levir Culpi,Marco Aurélio
Transfermarkt,3477318,https://www.transfermarkt.com.br/spielbericht/index/spielbericht/3477318,772,2004,19,2004-07-28,Gremio,Vitoria,4,0,exact,,,José Luiz Plein,Oswaldo de Oliveira
Transfermarkt,3477319,https://www.transfermarkt.com.br/spielbericht/index/spielbericht/3477319,773,2004,19,2004-07-28,Paysandu,Criciuma,2,2,exact,,,Givanildo Oliveira,Vágner Benazzi
Transfermarkt,3477320,https://www.transfermarkt.com.br/spielbericht/index/spielbericht/3477320,774,2004,19,2004-07-28,Figueirense,Fluminense,2,1,exact,,,Dorival Júnior,Ricardo Gomes
Transfermarkt,3477321,https://www.transfermarkt.com.br/spielbericht/index/spielbericht/3477321,775,2004,19,2004-07-28,Guarani,Palmeiras,1,0,exact,,,Lori Sandri,Estevam Soares
Transfermarkt,3477322,https://www.transfermarkt.com.br/spielbericht/index/spielbericht/3477322,776,2004,19,2004-07-28,Juventude,Sao Paulo,1,2,exact,,,Ivo Wortmann,Cuca
Transfermarkt,3477323,https://www.transfermarkt.com.br/spielbericht/index/spielbericht/3477323,777,2004,19,2004-07-29,Vasco,Goias,3,1,exact,,,Geninho,Celso Roth
Transfermarkt,3477324,https://www.transfermarkt.com.br/spielbericht/index/spielbericht/3477324,778,2004,19,2004-07-29,Sao Caetano,Internacional,2,0,exact,,,Péricles Chamusca,Joel Santana
Transfermarkt,3477325,https://www.transfermarkt.com.br/spielbericht/index/spielbericht/3477325,779,2004,19,2004-07-29,Atletico-MG,Parana,4,1,exact,,,Jair Picerni,Gilson Kleina
Transfermarkt,3477326,https://www.transfermarkt.com.br/spielbericht/index/spielbericht/3477326,780,2004,19,2004-07-29,Santos,Coritiba,4,2,exact,,,Vanderlei Luxemburgo,Antônio Lopes
Transfermarkt,3477327,https://www.transfermarkt.com.br/spielbericht/index/spielbericht/3477327,781,2004,20,2004-07-31,Fluminense,Cruzeiro,0,0,exact,,,Ricardo Gomes,Ney Franco
Transfermarkt,3477328,https://www.transfermarkt.com.br/spielbericht/index/spielbericht/3477328,782,2004,20,2004-07-31,Athletico-PR,Gremio,0,0,exact,,,Levir Culpi,José Luiz Plein
Transfermarkt,3477329,https://www.transfermarkt.com.br/spielbericht/index/spielbericht/3477329,783,2004,20,2004-08-01,Flamengo,Palmeiras,0,1,exact,,,Paulo César Gusmão,Estevam Soares
Transfermarkt,3477330,https://www.transfermarkt.com.br/spielbericht/index/spielbericht/3477330,784,2004,20,2004-08-01,Juventude,Vasco,1,1,exact,,,Ivo Wortmann,Geninho
Transfermarkt,3477331,https://www.transfermarkt.com.br/spielbericht/index/spielbericht/3477331,785,2004,20,2004-08-01,Criciuma,Ponte Preta,3,1,exact,,,Vágner Benazzi,Marco Aurélio
Transfermarkt,3477332,https://www.transfermarkt.com.br/spielbericht/index/spielbericht/3477332,786,2004,20,2004-08-01,Corinthians,Sao Caetano,2,0,exact,,,Tite,Péricles Chamusca
Transfermarkt,3477333,https://www.transfermarkt.com.br/spielbericht/index/spielbericht/3477333,787,2004,20,2004-08-01,Santos,Paysandu,6,0,exact,,,Vanderlei Luxemburgo,Givanildo Oliveira
Transfermarkt,3477334,https://www.transfermarkt.com.br/spielbericht/index/spielbericht/3477334,788,2004,20,2004-08-01,Atletico-MG,Figueirense,3,1,exact,,,Jair Picerni,Dorival Júnior
Transfermarkt,3477335,https://www.transfermarkt.com.br/spielbericht/index/spielbericht/3477335,789,2004,20,2004-08-01,Goias,Parana,3,0,exact,,,Celso Roth,Gilson Kleina
Transfermarkt,3477336,https://www.transfermarkt.com.br/spielbericht/index/spielbericht/3477336,790,2004,20,2004-08-01,Vitoria,Coritiba,2,2,exact,,,Oswaldo de Oliveira,Antônio Lopes
Transfermarkt,3477337,https://www.transfermarkt.com.br/spielbericht/index/spielbericht/3477337,791,2004,20,2004-08-01,Internacional,Sao Paulo,1,1,exact,,,Joel Santana,Cuca
Transfermarkt,3477338,https://www.transfermarkt.com.br/spielbericht/index/spielbericht/3477338,792,2004,20,2004-08-01,Guarani,Botafogo-RJ,0,2,exact,,,Lori Sandri,Mauro Galvão
Transfermarkt,3477339,https://www.transfermarkt.com.br/spielbericht/index/spielbericht/3477339,793,2004,21,2004-08-04,Ponte Preta,Fluminense,3,2,exact,,,Nenê Santana,Ricardo Gomes
Transfermarkt,3477340,https://www.transfermarkt.com.br/spielbericht/index/spielbericht/3477340,794,2004,21,2004-08-04,Palmeiras,Goias,0,3,exact,,,Estevam Soares,Celso Roth
Transfermarkt,3477341,https://www.transfermarkt.com.br/spielbericht/index/spielbericht/3477341,795,2004,21,2004-08-04,Figueirense,Guarani,1,1,exact,,,Dorival Júnior,Lori Sandri
Transfermarkt,3477342,https://www.transfermarkt.com.br/spielbericht/index/spielbericht/3477342,796,2004,21,2004-08-04,Sao Caetano,Athletico-PR,0,3,exact,,,Péricles Chamusca,Levir Culpi
Transfermarkt,3477343,https://www.transfermarkt.com.br/spielbericht/index/spielbericht/3477343,797,2004,21,2004-08-04,Paysandu,Atletico-MG,2,1,exact,,,Givanildo Oliveira,Jair Picerni
Transfermarkt,3477344,https://www.transfermarkt.com.br/spielbericht/index/spielbericht/3477344,798,2004,21,2004-08-04,Parana,Criciuma,0,3,exact,,,Gilson Kleina,Vágner Benazzi
Transfermarkt,3477345,https://www.transfermarkt.com.br/spielbericht/index/spielbericht/3477345,799,2004,21,2004-08-04,Vasco,Corinthians,1,3,exact,4-3-3 ofensivo,3-5-2,Geninho,Tite
Transfermarkt,3477346,https://www.transfermarkt.com.br/spielbericht/index/spielbericht/3477346,800,2004,21,2004-08-04,Coritiba,Flamengo,1,0,exact,,,Antônio Lopes,Marcos Paquetá
Transfermarkt,3477347,https://www.transfermarkt.com.br/spielbericht/index/spielbericht/3477347,801,2004,21,2004-08-04,Gremio,Santos,3,1,exact,,,José Luiz Plein,Vanderlei Luxemburgo
Transfermarkt,3477348,https://www.transfermarkt.com.br/spielbericht/index/spielbericht/3477348,802,2004,21,2004-08-05,Botafogo-RJ,Juventude,0,1,exact,,,Mauro Galvão,Ivo Wortmann
Transfermarkt,3477349,https://www.transfermarkt.com.br/spielbericht/index/spielbericht/3477349,803,2004,21,2004-08-05,Cruzeiro,Internacional,2,0,exact,,,Ney Franco,Joel Santana
Transfermarkt,3477350,https://www.transfermarkt.com.br/spielbericht/index/spielbericht/3477350,804,2004,21,2004-08-05,Sao Paulo,Vitoria,2,1,exact,,,Cuca,Oswaldo de Oliveira
Transfermarkt,3477351,https://www.transfermarkt.com.br/spielbericht/index/spielbericht/3477351,805,2004,22,2004-08-07,Fluminense,Parana,3,1,exact,,,Ricardo Gomes,Gilson Kleina
Transfermarkt,3477352,https://www.transfermarkt.com.br/spielbericht/index/spielbericht/3477352,806,2004,22,2004-08-07,Santos,Sao Caetano,0,1,exact,,,Vanderlei Luxemburgo,Péricles Chamusca
Transfermarkt,3477353,https://www.transfermarkt.com.br/spielbericht/index/spielbericht/3477353,807,2004,22,2004-08-07,Goias,Coritiba,1,2,exact,,,Celso Roth,Antônio Lopes
Transfermarkt,3477354,https://www.transfermarkt.com.br/spielbericht/index/spielbericht/3477354,808,2004,22,2004-08-07,Atletico-MG,Gremio,3,0,exact,,,Jair Picerni,José Luiz Plein
Transfermarkt,3477355,https://www.transfermarkt.com.br/spielbericht/index/spielbericht/3477355,809,2004,22,2004-08-08,Flamengo,Sao Paulo,1,0,exact,,,Paulo César Gusmão,Cuca
Transfermarkt,3477356,https://www.transfermarkt.com.br/spielbericht/index/spielbericht/3477356,810,2004,22,2004-08-08,Corinthians,Botafogo-RJ,2,2,exact,,,Tite,Mauro Galvão
Transfermarkt,3477357,https://www.transfermarkt.com.br/spielbericht/index/spielbericht/3477357,811,2004,22,2004-08-08,Internacional,Ponte Preta,1,2,exact,,,Joel Santana,Nenê Santana
Transfermarkt,3477358,https://www.transfermarkt.com.br/spielbericht/index/spielbericht/3477358,812,2004,22,2004-08-08,Guarani,Paysandu,0,0,exact,,,Lori Sandri,Givanildo Oliveira
Transfermarkt,3477359,https://www.transfermarkt.com.br/spielbericht/index/spielbericht/3477359,813,2004,22,2004-08-08,Juventude,Figueirense,0,0,exact,,,Ivo Wortmann,Dorival Júnior
Transfermarkt,3477360,https://www.transfermarkt.com.br/spielbericht/index/spielbericht/3477360,814,2004,22,2004-08-08,Vitoria,Cruzeiro,3,2,exact,,,Oswaldo de Oliveira,Marco Aurélio
Transfermarkt,3477361,https://www.transfermarkt.com.br/spielbericht/index/spielbericht/3477361,815,2004,22,2004-08-08,Criciuma,Palmeiras,1,2,exact,,,Vágner Benazzi,Estevam Soares
Transfermarkt,3477362,https://www.transfermarkt.com.br/spielbericht/index/spielbericht/3477362,816,2004,22,2004-08-08,Athletico-PR,Vasco,2,0,exact,,,Levir Culpi,Geninho
Transfermarkt,3477363,https://www.transfermarkt.com.br/spielbericht/index/spielbericht/3477363,817,2004,23,2004-08-11,Sao Paulo,Goias,4,0,exact,,,Cuca,Celso Roth
Transfermarkt,3477364,https://www.transfermarkt.com.br/spielbericht/index/spielbericht/3477364,818,2004,23,2004-08-11,Parana,Internacional,1,2,exact,,,Gilson Kleina,Joel Santana
Transfermarkt,3477365,https://www.transfermarkt.com.br/spielbericht/index/spielbericht/3477365,819,2004,23,2004-08-11,Ponte Preta,Vitoria,1,0,exact,,,Nenê Santana,Oswaldo de Oliveira
Transfermarkt,3477366,https://www.transfermarkt.com.br/spielbericht/index/spielbericht/3477366,820,2004,23,2004-08-11,Gremio,Guarani,1,1,exact,,,José Luiz Plein,Lori Sandri
Transfermarkt,3477367,https://www.transfermarkt.com.br/spielbericht/index/spielbericht/3477367,821,2004,23,2004-08-11,Paysandu,Juventude,0,1,exact,,,Marinho Peres,Ivo Wortmann
Transfermarkt,3477368,https://www.transfermarkt.com.br/spielbericht/index/spielbericht/3477368,822,2004,23,2004-08-11,Figueirense,Corinthians,0,1,exact,,,Dorival Júnior,Tite
Transfermarkt,3477369,https://www.transfermarkt.com.br/spielbericht/index/spielbericht/3477369,823,2004,23,2004-08-11,Cruzeiro,Flamengo,2,0,exact,,,Marco Aurélio,Paulo César Gusmão
Transfermarkt,3477370,https://www.transfermarkt.com.br/spielbericht/index/spielbericht/3477370,824,2004,23,2004-08-11,Vasco,Santos,2,3,exact,,,Geninho,Vanderlei Luxemburgo
Transfermarkt,3477371,https://www.transfermarkt.com.br/spielbericht/index/spielbericht/3477371,825,2004,23,2004-08-12,Botafogo-RJ,Athletico-PR,1,1,exact,,,Mauro Galvão,Levir Culpi
Transfermarkt,3477372,https://www.transfermarkt.com.br/spielbericht/index/spielbericht/3477372,826,2004,23,2004-08-12,Sao Caetano,Atletico-MG,1,1,exact,,,Péricles Chamusca,Jair Picerni
Transfermarkt,3477373,https://www.transfermarkt.com.br/spielbericht/index/spielbericht/3477373,827,2004,23,2004-08-12,Coritiba,Criciuma,1,0,exact,,,Antônio Lopes,Vágner Benazzi
Transfermarkt,3477374,https://www.transfermarkt.com.br/spielbericht/index/spielbericht/3477374,828,2004,23,2004-08-12,Palmeiras,Fluminense,3,2,exact,,,Estevam Soares,Ricardo Gomes
Transfermarkt,3477375,https://www.transfermarkt.com.br/spielbericht/index/spielbericht/3477375,829,2004,24,2004-08-14,Internacional,Figueirense,4,0,exact,,,Joel Santana,Dorival Júnior
Transfermarkt,3477376,https://www.transfermarkt.com.br/spielbericht/index/spielbericht/3477376,830,2004,24,2004-08-14,Juventude,Cruzeiro,1,0,exact,,,Ivo Wortmann,Luis Antonio Zaluar
Transfermarkt,3477377,https://www.transfermarkt.com.br/spielbericht/index/spielbericht/3477377,831,2004,24,2004-08-14,Flamengo,Gremio,3,0,exact,,,Paulo César Gusmão,José Luiz Plein
Transfermarkt,3477378,https://www.transfermarkt.com.br/spielbericht/index/spielbericht/3477378,832,2004,24,2004-08-14,Corinthians,Ponte Preta,2,0,exact,3-4-3 plano,4-4-2 losango,Tite,Nenê Santana
Transfermarkt,3477379,https://www.transfermarkt.com.br/spielbericht/index/spielbericht/3477379,833,2004,24,2004-08-15,Criciuma,Vasco,1,0,exact,,,Vágner Benazzi,Geninho
Transfermarkt,3477380,https://www.transfermarkt.com.br/spielbericht/index/spielbericht/3477380,834,2004,24,2004-08-15,Atletico-MG,Palmeiras,1,2,exact,,,Jair Picerni,Estevam Soares
Transfermarkt,3477381,https://www.transfermarkt.com.br/spielbericht/index/spielbericht/3477381,835,2004,24,2004-08-15,Fluminense,Paysandu,1,1,exact,,,Ricardo Gomes,Adilson Batista
Transfermarkt,3477382,https://www.transfermarkt.com.br/spielbericht/index/spielbericht/3477382,836,2004,24,2004-08-15,Goias,Botafogo-RJ,3,1,exact,,,Celso Roth,Mauro Galvão
Transfermarkt,3477384,https://www.transfermarkt.com.br/spielbericht/index/spielbericht/3477384,838,2004,24,2004-08-15,Vitoria,Sao Caetano,1,2,exact,,,Oswaldo de Oliveira,Péricles Chamusca
Transfermarkt,3477385,https://www.transfermarkt.com.br/spielbericht/index/spielbericht/3477385,839,2004,24,2004-08-15,Santos,Parana,5,1,exact,,,Vanderlei Luxemburgo,Gilson Kleina
Transfermarkt,3477386,https://www.transfermarkt.com.br/spielbericht/index/spielbericht/3477386,840,2004,24,2004-08-15,Athletico-PR,Sao Paulo,1,0,exact,,,Levir Culpi,Cuca
Transfermarkt,3477387,https://www.transfermarkt.com.br/spielbericht/index/spielbericht/3477387,841,2004,25,2004-08-18,Gremio,Juventude,2,4,exact,,,José Luiz Plein,Ivo Wortmann
Transfermarkt,3477388,https://www.transfermarkt.com.br/spielbericht/index/spielbericht/3477388,842,2004,25,2004-08-18,Figueirense,Athletico-PR,1,1,exact,,,Dorival Júnior,Levir Culpi
Transfermarkt,3477389,https://www.transfermarkt.com.br/spielbericht/index/spielbericht/3477389,843,2004,25,2004-08-18,Sao Caetano,Guarani,3,0,exact,,,Péricles Chamusca,Lori Sandri
Transfermarkt,3477390,https://www.transfermarkt.com.br/spielbericht/index/spielbericht/3477390,844,2004,25,2004-08-18,Cruzeiro,Goias,1,3,exact,,,Marco Aurélio,Celso Roth
Transfermarkt,3477391,https://www.transfermarkt.com.br/spielbericht/index/spielbericht/3477391,845,2004,25,2004-08-18,Palmeiras,Internacional,3,1,exact,,,Estevam Soares,Joel Santana
Transfermarkt,3477392,https://www.transfermarkt.com.br/spielbericht/index/spielbericht/3477392,846,2004,25,2004-08-18,Parana,Vitoria,4,1,exact,,,Gilson Kleina,Oswaldo de Oliveira
Transfermarkt,3477393,https://www.transfermarkt.com.br/spielbericht/index/spielbericht/3477393,847,2004,25,2004-08-18,Botafogo-RJ,Santos,2,0,exact,,,Paulo Bonamigo,Vanderlei Luxemburgo
Transfermarkt,3477394,https://www.transfermarkt.com.br/spielbericht/index/spielbericht/3477394,848,2004,25,2004-08-18,Paysandu,Corinthians,2,1,exact,,,Adilson Batista,Tite
Transfermarkt,3477395,https://www.transfermarkt.com.br/spielbericht/index/spielbericht/3477395,849,2004,25,2004-08-18,Ponte Preta,Flamengo,1,0,exact,,,Nenê Santana,Andrade
Transfermarkt,3477396,https://www.transfermarkt.com.br/spielbericht/index/spielbericht/3477396,850,2004,25,2004-08-19,Coritiba,Fluminense,2,0,exact,,,Antônio Lopes,Valdir Espinosa
Transfermarkt,3477397,https://www.transfermarkt.com.br/spielbericht/index/spielbericht/3477397,851,2004,25,2004-08-19,Vasco,Atletico-MG,3,0,exact,,,Geninho,Jair Picerni
Transfermarkt,3477398,https://www.transfermarkt.com.br/spielbericht/index/spielbericht/3477398,852,2004,25,2004-08-19,Sao Paulo,Criciuma,2,0,exact,,,Cuca,Vágner Benazzi
Transfermarkt,3477399,https://www.transfermarkt.com.br/spielbericht/index/spielbericht/3477399,853,2004,26,2004-08-21,Flamengo,Parana,2,1,exact,,,Andrade,Gilson Kleina
Transfermarkt,3477400,https://www.transfermarkt.com.br/spielbericht/index/spielbericht/3477400,854,2004,26,2004-08-21,Corinthians,Gremio,1,1,exact,,,Tite,José Luiz Plein
Transfermarkt,3477401,https://www.transfermarkt.com.br/spielbericht/index/spielbericht/3477401,855,2004,26,2004-08-22,Santos,Figueirense,4,1,exact,,,Vanderlei Luxemburgo,Dorival Júnior
Transfermarkt,3477402,https://www.transfermarkt.com.br/spielbericht/index/spielbericht/3477402,856,2004,26,2004-08-22,Fluminense,Sao Paulo,1,0,exact,,,Alexandre Gama,Cuca
Transfermarkt,3477403,https://www.transfermarkt.com.br/spielbericht/index/spielbericht/3477403,857,2004,26,2004-08-22,Guarani,Vasco,1,1,exact,,,Lori Sandri,Geninho
Transfermarkt,3477404,https://www.transfermarkt.com.br/spielbericht/index/spielbericht/3477404,858,2004,26,2004-08-22,Criciuma,Cruzeiro,1,2,exact,,,Vágner Benazzi,Marco Aurélio
Transfermarkt,3477405,https://www.transfermarkt.com.br/spielbericht/index/spielbericht/3477405,859,2004,26,2004-08-22,Internacional,Coritiba,1,1,exact,,,Joel Santana,Antônio Lopes
Transfermarkt,3477406,https://www.transfermarkt.com.br/spielbericht/index/spielbericht/3477406,860,2004,26,2004-08-22,Athletico-PR,Paysandu,2,0,exact,,,Levir Culpi,Adilson Batista
Transfermarkt,3477407,https://www.transfermarkt.com.br/spielbericht/index/spielbericht/3477407,861,2004,26,2004-08-22,Goias,Ponte Preta,5,0,exact,,,Celso Roth,Nenê Santana
Transfermarkt,3477408,https://www.transfermarkt.com.br/spielbericht/index/spielbericht/3477408,862,2004,26,2004-08-22,Juventude,Sao Caetano,2,2,exact,,,Ivo Wortmann,Péricles Chamusca
Transfermarkt,3477409,https://www.transfermarkt.com.br/spielbericht/index/spielbericht/3477409,863,2004,26,2004-08-22,Vitoria,Palmeiras,2,2,exact,,,Hélio dos Anjos,Estevam Soares
Transfermarkt,3477410,https://www.transfermarkt.com.br/spielbericht/index/spielbericht/3477410,864,2004,26,2004-08-22,Atletico-MG,Botafogo-RJ,1,1,exact,,,Jair Picerni,Paulo Bonamigo
Transfermarkt,3477411,https://www.transfermarkt.com.br/spielbericht/index/spielbericht/3477411,865,2004,27,2004-08-28,Botafogo-RJ,Criciuma,1,1,exact,,,Paulo Bonamigo,Vágner Benazzi
Transfermarkt,3477412,https://www.transfermarkt.com.br/spielbericht/index/spielbericht/3477412,866,2004,27,2004-08-28,Parana,Juventude,1,2,exact,,,Gilson Kleina,Ivo Wortmann
Transfermarkt,3477413,https://www.transfermarkt.com.br/spielbericht/index/spielbericht/3477413,867,2004,27,2004-08-28,Sao Paulo,Guarani,3,3,exact,,,Cuca,Agnaldo Liz
Transfermarkt,3477414,https://www.transfermarkt.com.br/spielbericht/index/spielbericht/3477414,868,2004,27,2004-08-28,Gremio,Goias,1,1,exact,,,José Luiz Plein,Celso Roth
Transfermarkt,3477415,https://www.transfermarkt.com.br/spielbericht/index/spielbericht/3477415,869,2004,27,2004-08-28,Paysandu,Internacional,2,1,exact,,,Adilson Batista,Joel Santana
Transfermarkt,3477416,https://www.transfermarkt.com.br/spielbericht/index/spielbericht/3477416,870,2004,27,2004-08-29,Sao Caetano,Flamengo,0,1,exact,,,Péricles Chamusca,Ricardo Gomes
Transfermarkt,3477417,https://www.transfermarkt.com.br/spielbericht/index/spielbericht/3477417,871,2004,27,2004-08-29,Palmeiras,Corinthians,0,1,exact,,,Estevam Soares,Tite
Transfermarkt,3477418,https://www.transfermarkt.com.br/spielbericht/index/spielbericht/3477418,872,2004,27,2004-08-29,Vasco,Fluminense,1,1,exact,,,Geninho,Alexandre Gama
Transfermarkt,3477420,https://www.transfermarkt.com.br/spielbericht/index/spielbericht/3477420,874,2004,27,2004-08-29,Figueirense,Vitoria,2,1,exact,,,Dorival Júnior,Hélio dos Anjos
Transfermarkt,3477421,https://www.transfermarkt.com.br/spielbericht/index/spielbericht/3477421,875,2004,27,2004-08-29,Ponte Preta,Atletico-MG,1,1,exact,,,Nenê Santana,Jair Picerni
Transfermarkt,3477422,https://www.transfermarkt.com.br/spielbericht/index/spielbericht/3477422,876,2004,27,2004-08-29,Cruzeiro,Santos,4,4,exact,,,Luis Antonio Zaluar,Vanderlei Luxemburgo
Transfermarkt,3477423,https://www.transfermarkt.com.br/spielbericht/index/spielbericht/3477423,877,2004,28,2004-09-01,Fluminense,Internacional,3,1,exact,,,Alexandre Gama,Joel Santana
Transfermarkt,3477424,https://www.transfermarkt.com.br/spielbericht/index/spielbericht/3477424,878,2004,28,2004-09-01,Sao Paulo,Coritiba,2,3,exact,,,Cuca,Antônio Lopes
Transfermarkt,3477425,https://www.transfermarkt.com.br/spielbericht/index/spielbericht/3477425,879,2004,28,2004-09-01,Cruzeiro,Parana,1,4,exact,,,Marco Aurélio,Paulo Campos
Transfermarkt,3477426,https://www.transfermarkt.com.br/spielbericht/index/spielbericht/3477426,880,2004,28,2004-09-01,Figueirense,Goias,3,2,exact,,,Dorival Júnior,Celso Roth
Transfermarkt,3477427,https://www.transfermarkt.com.br/spielbericht/index/spielbericht/3477427,881,2004,28,2004-09-01,Criciuma,Sao Caetano,0,4,exact,,,Vágner Benazzi,Péricles Chamusca
Transfermarkt,3477428,https://www.transfermarkt.com.br/spielbericht/index/spielbericht/3477428,882,2004,28,2004-09-01,Corinthians,Atletico-MG,1,0,exact,,,Tite,Jair Picerni
Transfermarkt,3477429,https://www.transfermarkt.com.br/spielbericht/index/spielbericht/3477429,883,2004,28,2004-09-01,Ponte Preta,Palmeiras,0,0,exact,,,Nenê Santana,Estevam Soares
Transfermarkt,3477430,https://www.transfermarkt.com.br/spielbericht/index/spielbericht/3477430,884,2004,28,2004-09-01,Juventude,Santos,1,2,exact,,,Ivo Wortmann,Vanderlei Luxemburgo
Transfermarkt,3477431,https://www.transfermarkt.com.br/spielbericht/index/spielbericht/3477431,885,2004,28,2004-09-02,Flamengo,Vitoria,2,0,exact,,,Ricardo Gomes,Hélio dos Anjos
Transfermarkt,3477433,https://www.transfermarkt.com.br/spielbericht/index/spielbericht/3477433,887,2004,28,2004-09-02,Paysandu,Botafogo-RJ,2,0,exact,,,Adilson Batista,Paulo Bonamigo
Transfermarkt,3477434,https://www.transfermarkt.com.br/spielbericht/index/spielbericht/3477434,888,2004,28,2004-09-02,Gremio,Vasco,1,2,exact,,,José Luiz Plein,Geninho
Transfermarkt,3477435,https://www.transfermarkt.com.br/spielbericht/index/spielbericht/3477435,889,2004,29,2004-09-07,Vasco,Paysandu,0,1,exact,,,Geninho,Adilson Batista
Transfermarkt,3477436,https://www.transfermarkt.com.br/spielbericht/index/spielbericht/3477436,890,2004,29,2004-09-07,Palmeiras,Cruzeiro,1,3,exact,,,Estevam Soares,Marco Aurélio
Transfermarkt,3477437,https://www.transfermarkt.com.br/spielbericht/index/spielbericht/3477437,891,2004,29,2004-09-08,Parana,Sao Paulo,0,2,exact,,,Paulo Campos,Emerson Leão
Transfermarkt,3477438,https://www.transfermarkt.com.br/spielbericht/index/spielbericht/3477438,892,2004,29,2004-09-08,Atletico-MG,Juventude,1,1,exact,,,Lori Sandri,Ivo Wortmann
Transfermarkt,3477439,https://www.transfermarkt.com.br/spielbericht/index/spielbericht/3477439,893,2004,29,2004-09-08,Goias,Criciuma,2,1,exact,,,Celso Roth,Lori Sandri
Transfermarkt,3477440,https://www.transfermarkt.com.br/spielbericht/index/spielbericht/3477440,894,2004,29,2004-09-08,Sao Caetano,Figueirense,1,0,exact,,,Péricles Chamusca,Dorival Júnior
Transfermarkt,3477442,https://www.transfermarkt.com.br/spielbericht/index/spielbericht/3477442,896,2004,29,2004-09-08,Internacional,Flamengo,0,0,exact,,,Muricy Ramalho,Ricardo Gomes
Transfermarkt,3477443,https://www.transfermarkt.com.br/spielbericht/index/spielbericht/3477443,897,2004,29,2004-09-08,Guarani,Corinthians,0,1,exact,,,Agnaldo Liz,Tite
Transfermarkt,3477444,https://www.transfermarkt.com.br/spielbericht/index/spielbericht/3477444,898,2004,29,2004-09-09,Vitoria,Fluminense,2,3,exact,,,Hélio dos Anjos,Alexandre Gama
Transfermarkt,3477445,https://www.transfermarkt.com.br/spielbericht/index/spielbericht/3477445,899,2004,29,2004-09-09,Botafogo-RJ,Gremio,2,1,exact,,,Paulo Bonamigo,José Luiz Plein
Transfermarkt,3477447,https://www.transfermarkt.com.br/spielbericht/index/spielbericht/3477447,901,2004,30,2004-09-11,Sao Paulo,Cruzeiro,0,0,exact,,,Emerson Leão,Marco Aurélio
Transfermarkt,3477448,https://www.transfermarkt.com.br/spielbericht/index/spielbericht/3477448,902,2004,30,2004-09-11,Vasco,Sao Caetano,1,2,exact,,,Geninho,Péricles Chamusca
Transfermarkt,3477450,https://www.transfermarkt.com.br/spielbericht/index/spielbericht/3477450,904,2004,30,2004-09-11,Goias,Internacional,1,0,exact,,,Celso Roth,Muricy Ramalho
Transfermarkt,3477451,https://www.transfermarkt.com.br/spielbericht/index/spielbericht/3477451,905,2004,30,2004-09-12,Fluminense,Flamengo,2,1,exact,,,Alexandre Gama,Ricardo Gomes
Transfermarkt,3477452,https://www.transfermarkt.com.br/spielbericht/index/spielbericht/3477452,906,2004,30,2004-09-12,Palmeiras,Santos,1,2,exact,,,Estevam Soares,Vanderlei Luxemburgo
Transfermarkt,3477453,https://www.transfermarkt.com.br/spielbericht/index/spielbericht/3477453,907,2004,30,2004-09-12,Figueirense,Botafogo-RJ,3,1,exact,,,Dorival Júnior,Paulo Bonamigo
Transfermarkt,3477454,https://www.transfermarkt.com.br/spielbericht/index/spielbericht/3477454,908,2004,30,2004-09-12,Athletico-PR,Corinthians,3,1,exact,,,Levir Culpi,Tite
Transfermarkt,3477455,https://www.transfermarkt.com.br/spielbericht/index/spielbericht/3477455,909,2004,30,2004-09-12,Ponte Preta,Parana,0,2,exact,,,Nenê Santana,Paulo Campos
Transfermarkt,3477456,https://www.transfermarkt.com.br/spielbericht/index/spielbericht/3477456,910,2004,30,2004-09-12,Vitoria,Criciuma,1,0,exact,,,Hélio dos Anjos,Lori Sandri
Transfermarkt,3477457,https://www.transfermarkt.com.br/spielbericht/index/spielbericht/3477457,911,2004,30,2004-09-12,Gremio,Paysandu,1,1,exact,,,Cuca,Adilson Batista
Transfermarkt,3477458,https://www.transfermarkt.com.br/spielbericht/index/spielbericht/3477458,912,2004,30,2004-09-12,Atletico-MG,Coritiba,2,1,exact,,,Lori Sandri,Antônio Lopes
Transfermarkt,3477459,https://www.transfermarkt.com.br/spielbericht/index/spielbericht/3477459,913,2004,31,2004-09-18,Sao Caetano,Gremio,2,0,exact,,,Péricles Chamusca,Cuca
Transfermarkt,3477460,https://www.transfermarkt.com.br/spielbericht/index/spielbericht/3477460,914,2004,31,2004-09-18,Parana,Guarani,0,0,exact,,,Paulo Campos,Agnaldo Liz
Transfermarkt,3477461,https://www.transfermarkt.com.br/spielbericht/index/spielbericht/3477461,915,2004,31,2004-09-18,Santos,Atletico-MG,2,0,exact,,,Vanderlei Luxemburgo,Lori Sandri
Transfermarkt,3477462,https://www.transfermarkt.com.br/spielbericht/index/spielbericht/3477462,916,2004,31,2004-09-18,Criciuma,Fluminense,0,2,exact,,,Lori Sandri,Alexandre Gama
Transfermarkt,3477463,https://www.transfermarkt.com.br/spielbericht/index/spielbericht/3477463,917,2004,31,2004-09-19,Flamengo,Goias,4,0,exact,,,Ricardo Gomes,Celso Roth
Transfermarkt,3477464,https://www.transfermarkt.com.br/spielbericht/index/spielbericht/3477464,918,2004,31,2004-09-19,Corinthians,Sao Paulo,0,0,exact,,,Tite,Emerson Leão
Transfermarkt,3477465,https://www.transfermarkt.com.br/spielbericht/index/spielbericht/3477465,919,2004,31,2004-09-19,Internacional,Vitoria,2,1,exact,,,Muricy Ramalho,Hélio dos Anjos
Transfermarkt,3477466,https://www.transfermarkt.com.br/spielbericht/index/spielbericht/3477466,920,2004,31,2004-09-19,Botafogo-RJ,Vasco,2,2,exact,,,Paulo Bonamigo,Geninho
Transfermarkt,3477468,https://www.transfermarkt.com.br/spielbericht/index/spielbericht/3477468,922,2004,31,2004-09-19,Paysandu,Figueirense,3,1,exact,,,Adilson Batista,Dorival Júnior
Transfermarkt,3477469,https://www.transfermarkt.com.br/spielbericht/index/spielbericht/3477469,923,2004,31,2004-09-19,Cruzeiro,Athletico-PR,2,4,exact,,,Luis Antonio Zaluar,Levir Culpi
Transfermarkt,3477470,https://www.transfermarkt.com.br/spielbericht/index/spielbericht/3477470,924,2004,31,2004-09-19,Coritiba,Palmeiras,0,0,exact,,,Antônio Lopes,Estevam Soares
Transfermarkt,3477471,https://www.transfermarkt.com.br/spielbericht/index/spielbericht/3477471,925,2004,32,2004-09-24,Figueirense,Ponte Preta,0,1,exact,,,Dorival Júnior,Nenê Santana
Transfermarkt,3477472,https://www.transfermarkt.com.br/spielbericht/index/spielbericht/3477472,926,2004,32,2004-09-25,Paysandu,Cruzeiro,3,1,exact,,,Adilson Batista,Marco Aurélio
Transfermarkt,3477473,https://www.transfermarkt.com.br/spielbericht/index/spielbericht/3477473,927,2004,32,2004-09-25,Atletico-MG,Internacional,1,1,exact,,,Jair Picerni,Muricy Ramalho
Transfermarkt,3477474,https://www.transfermarkt.com.br/spielbericht/index/spielbericht/3477474,928,2004,32,2004-09-25,Sao Caetano,Coritiba,1,0,exact,,,Péricles Chamusca,Antônio Lopes
Transfermarkt,3477475,https://www.transfermarkt.com.br/spielbericht/index/spielbericht/3477475,929,2004,32,2004-09-25,Guarani,Fluminense,1,1,exact,,,Agnaldo Liz,Alexandre Gama
Transfermarkt,3477476,https://www.transfermarkt.com.br/spielbericht/index/spielbericht/3477476,930,2004,32,2004-09-25,Gremio,Sao Paulo,2,1,exact,,,Cuca,Emerson Leão
Transfermarkt,3477477,https://www.transfermarkt.com.br/spielbericht/index/spielbericht/3477477,931,2004,32,2004-09-26,Vasco,Palmeiras,2,5,exact,,,Geninho,Estevam Soares
Transfermarkt,3477478,https://www.transfermarkt.com.br/spielbericht/index/spielbericht/3477478,932,2004,32,2004-09-26,Athletico-PR,Flamengo,2,1,exact,,,Levir Culpi,Ricardo Gomes
Transfermarkt,3477479,https://www.transfermarkt.com.br/spielbericht/index/spielbericht/3477479,933,2004,32,2004-09-26,Corinthians,Goias,1,0,exact,,,Tite,Celso Roth
Transfermarkt,3477481,https://www.transfermarkt.com.br/spielbericht/index/spielbericht/3477481,935,2004,32,2004-09-26,Botafogo-RJ,Parana,4,3,exact,,,Paulo Bonamigo,Paulo Campos
Transfermarkt,3477483,https://www.transfermarkt.com.br/spielbericht/index/spielbericht/3477483,937,2004,33,2004-09-28,Sao Paulo,Paysandu,7,0,exact,,,Emerson Leão,Adilson Batista
Transfermarkt,3477484,https://www.transfermarkt.com.br/spielbericht/index/spielbericht/3477484,938,2004,33,2004-09-28,Coritiba,Gremio,2,1,exact,,,Antônio Lopes,Cuca
Transfermarkt,3477485,https://www.transfermarkt.com.br/spielbericht/index/spielbericht/3477485,939,2004,33,2004-09-28,Fluminense,Atletico-MG,1,1,exact,,,Alexandre Gama,Jair Picerni
Transfermarkt,3477486,https://www.transfermarkt.com.br/spielbericht/index/spielbericht/3477486,940,2004,33,2004-09-28,Cruzeiro,Figueirense,3,3,exact,,,Marco Aurélio,Dorival Júnior
Transfermarkt,3477487,https://www.transfermarkt.com.br/spielbericht/index/spielbericht/3477487,941,2004,33,2004-09-29,Palmeiras,Sao Caetano,3,1,exact,,,Estevam Soares,Péricles Chamusca
Transfermarkt,3477488,https://www.transfermarkt.com.br/spielbericht/index/spielbericht/3477488,942,2004,33,2004-09-29,Parana,Vasco,2,1,exact,,,Paulo Campos,Joel Santana
Transfermarkt,3477489,https://www.transfermarkt.com.br/spielbericht/index/spielbericht/3477489,943,2004,33,2004-09-29,Criciuma,Guarani,1,1,exact,,,Lori Sandri,Agnaldo Liz
Transfermarkt,3477490,https://www.transfermarkt.com.br/spielbericht/index/spielbericht/3477490,944,2004,33,2004-09-29,Vitoria,Athletico-PR,2,3,exact,,,Evaristo de Macedo,Levir Culpi
Transfermarkt,3477491,https://www.transfermarkt.com.br/spielbericht/index/spielbericht/3477491,945,2004,33,2004-09-29,Goias,Juventude,1,2,exact,,,Celso Roth,Ivo Wortmann
Transfermarkt,3477492,https://www.transfermarkt.com.br/spielbericht/index/spielbericht/3477492,946,2004,33,2004-09-29,Internacional,Santos,2,1,exact,,,Muricy Ramalho,Vanderlei Luxemburgo
Transfermarkt,3477493,https://www.transfermarkt.com.br/spielbericht/index/spielbericht/3477493,947,2004,33,2004-09-29,Ponte Preta,Botafogo-RJ,1,1,exact,,,Nenê Santana,Paulo Bonamigo
Transfermarkt,3477494,https://www.transfermarkt.com.br/spielbericht/index/spielbericht/3477494,948,2004,33,2004-09-29,Flamengo,Corinthians,0,0,exact,,,Ricardo Gomes,Tite
Transfermarkt,3477495,https://www.transfermarkt.com.br/spielbericht/index/spielbericht/3477495,949,2004,34,2004-10-02,Vasco,Internacional,2,0,exact,,,Joel Santana,Muricy Ramalho
Transfermarkt,3477496,https://www.transfermarkt.com.br/spielbericht/index/spielbericht/3477496,950,2004,34,2004-10-02,Sao Paulo,Palmeiras,2,1,exact,,,Emerson Leão,Estevam Soares
Transfermarkt,3477497,https://www.transfermarkt.com.br/spielbericht/index/spielbericht/3477497,951,2004,34,2004-10-02,Fluminense,Botafogo-RJ,1,4,exact,,,Valdir Espinosa,Paulo Bonamigo
Transfermarkt,3477498,https://www.transfermarkt.com.br/spielbericht/index/spielbericht/3477498,952,2004,34,2004-10-02,Athletico-PR,Atletico-MG,5,0,exact,,,Levir Culpi,Lori Sandri
Transfermarkt,3477499,https://www.transfermarkt.com.br/spielbericht/index/spielbericht/3477499,953,2004,34,2004-10-02,Sao Caetano,Goias,2,0,exact,,,Péricles Chamusca,Celso Roth
Transfermarkt,3477500,https://www.transfermarkt.com.br/spielbericht/index/spielbericht/3477500,954,2004,34,2004-10-02,Figueirense,Flamengo,3,2,exact,,,Dorival Júnior,Ricardo Gomes
Transfermarkt,3477501,https://www.transfermarkt.com.br/spielbericht/index/spielbericht/3477501,955,2004,34,2004-10-02,Vitoria,Paysandu,4,1,exact,,,Evaristo de Macedo,Adilson Batista
Transfermarkt,3477502,https://www.transfermarkt.com.br/spielbericht/index/spielbericht/3477502,956,2004,34,2004-10-02,Cruzeiro,Ponte Preta,5,0,exact,,,Marco Aurélio,Nenê Santana
Transfermarkt,3477504,https://www.transfermarkt.com.br/spielbericht/index/spielbericht/3477504,958,2004,34,2004-10-02,Gremio,Criciuma,2,0,exact,,,Cuca,Lori Sandri
Transfermarkt,3477505,https://www.transfermarkt.com.br/spielbericht/index/spielbericht/3477505,959,2004,34,2004-10-02,Parana,Coritiba,1,0,exact,,,Paulo Campos,Antônio Lopes
Transfermarkt,3477506,https://www.transfermarkt.com.br/spielbericht/index/spielbericht/3477506,960,2004,34,2004-10-02,Corinthians,Juventude,1,2,exact,,,Tite,Ivo Wortmann
Transfermarkt,3477507,https://www.transfermarkt.com.br/spielbericht/index/spielbericht/3477507,961,2004,35,2004-10-06,Coritiba,Cruzeiro,1,1,exact,,,Antônio Lopes,Luis Antonio Zaluar
Transfermarkt,3477508,https://www.transfermarkt.com.br/spielbericht/index/spielbericht/3477508,962,2004,35,2004-10-06,Vasco,Figueirense,1,0,exact,,,Joel Santana,Dorival Júnior
Transfermarkt,3477509,https://www.transfermarkt.com.br/spielbericht/index/spielbericht/3477509,963,2004,35,2004-10-06,Criciuma,Internacional,2,1,round_teams_score,,,Lori Sandri,Muricy Ramalho
Transfermarkt,3477510,https://www.transfermarkt.com.br/spielbericht/index/spielbericht/3477510,964,2004,35,2004-10-06,Goias,Vitoria,4,0,exact,,,Celso Roth,Evaristo de Macedo
Transfermarkt,3477511,https://www.transfermarkt.com.br/spielbericht/index/spielbericht/3477511,965,2004,35,2004-10-06,Gremio,Fluminense,2,3,exact,,,Cuca,Alexandre Gama
Transfermarkt,3477512,https://www.transfermarkt.com.br/spielbericht/index/spielbericht/3477512,966,2004,35,2004-10-06,Ponte Preta,Sao Paulo,0,1,exact,,,Nenê Santana,Emerson Leão
Transfermarkt,3477513,https://www.transfermarkt.com.br/spielbericht/index/spielbericht/3477513,967,2004,35,2004-10-06,Santos,Corinthians,1,1,exact,,,Vanderlei Luxemburgo,Tite
Transfermarkt,3477515,https://www.transfermarkt.com.br/spielbericht/index/spielbericht/3477515,969,2004,35,2004-10-07,Palmeiras,Parana,1,1,exact,,,Estevam Soares,Paulo Campos
Transfermarkt,3477516,https://www.transfermarkt.com.br/spielbericht/index/spielbericht/3477516,970,2004,35,2004-10-07,Paysandu,Flamengo,2,2,exact,,,Adilson Batista,Ricardo Gomes
Transfermarkt,3477518,https://www.transfermarkt.com.br/spielbericht/index/spielbericht/3477518,972,2004,35,2004-10-07,Botafogo-RJ,Sao Caetano,1,1,exact,,,Paulo Bonamigo,Péricles Chamusca
Transfermarkt,3477519,https://www.transfermarkt.com.br/spielbericht/index/spielbericht/3477519,973,2004,36,2004-10-16,Corinthians,Coritiba,0,0,exact,,,Tite,Antônio Lopes
Transfermarkt,3477520,https://www.transfermarkt.com.br/spielbericht/index/spielbericht/3477520,974,2004,36,2004-10-16,Figueirense,Gremio,2,0,exact,,,Dorival Júnior,Cuca
Transfermarkt,3477521,https://www.transfermarkt.com.br/spielbericht/index/spielbericht/3477521,975,2004,36,2004-10-16,Vitoria,Vasco,4,1,exact,,,Evaristo de Macedo,Joel Santana
Transfermarkt,3477522,https://www.transfermarkt.com.br/spielbericht/index/spielbericht/3477522,976,2004,36,2004-10-16,Fluminense,Goias,1,4,exact,,,Alexandre Gama,Celso Roth
Transfermarkt,3477524,https://www.transfermarkt.com.br/spielbericht/index/spielbericht/3477524,978,2004,36,2004-10-17,Atletico-MG,Sao Paulo,0,5,exact,,,Mário Sérgio,Emerson Leão
Transfermarkt,3477525,https://www.transfermarkt.com.br/spielbericht/index/spielbericht/3477525,979,2004,36,2004-10-17,Internacional,Botafogo-RJ,3,1,exact,,,Muricy Ramalho,Paulo Bonamigo
Transfermarkt,3477526,https://www.transfermarkt.com.br/spielbericht/index/spielbericht/3477526,980,2004,36,2004-10-17,Sao Caetano,Paysandu,3,0,exact,,,Péricles Chamusca,Adilson Batista
Transfermarkt,3477527,https://www.transfermarkt.com.br/spielbericht/index/spielbericht/3477527,981,2004,36,2004-10-17,Guarani,Cruzeiro,2,0,exact,,,Jair Picerni,Marco Aurélio
Transfermarkt,3477528,https://www.transfermarkt.com.br/spielbericht/index/spielbericht/3477528,982,2004,36,2004-10-17,Athletico-PR,Parana,1,1,exact,,,Levir Culpi,Paulo Campos
Transfermarkt,3477529,https://www.transfermarkt.com.br/spielbericht/index/spielbericht/3477529,983,2004,36,2004-10-17,Flamengo,Criciuma,3,1,exact,,,Ricardo Gomes,Lori Sandri
Transfermarkt,3477530,https://www.transfermarkt.com.br/spielbericht/index/spielbericht/3477530,984,2004,36,2004-10-17,Juventude,Palmeiras,0,2,exact,,,Ivo Wortmann,Estevam Soares
Transfermarkt,3477531,https://www.transfermarkt.com.br/spielbericht/index/spielbericht/3477531,985,2004,37,2004-10-23,Cruzeiro,Atletico-MG,0,3,exact,,,Marco Aurélio,Mário Sérgio
Transfermarkt,3477532,https://www.transfermarkt.com.br/spielbericht/index/spielbericht/3477532,986,2004,37,2004-10-23,Gremio,Internacional,1,3,exact,,,Cuca,Muricy Ramalho
Transfermarkt,3477533,https://www.transfermarkt.com.br/spielbericht/index/spielbericht/3477533,987,2004,37,2004-10-23,Coritiba,Juventude,2,3,exact,,,Antônio Lopes,Ivo Wortmann
Transfermarkt,3477534,https://www.transfermarkt.com.br/spielbericht/index/spielbericht/3477534,988,2004,37,2004-10-23,Paysandu,Goias,4,2,exact,,,Adilson Batista,Celso Roth
Transfermarkt,3477535,https://www.transfermarkt.com.br/spielbericht/index/spielbericht/3477535,989,2004,37,2004-10-23,Botafogo-RJ,Vitoria,1,1,exact,,,Paulo Bonamigo,Evaristo de Macedo
Transfermarkt,3477536,https://www.transfermarkt.com.br/spielbericht/index/spielbericht/3477536,990,2004,37,2004-10-23,Palmeiras,Athletico-PR,3,1,exact,,,Estevam Soares,Levir Culpi
Transfermarkt,3477537,https://www.transfermarkt.com.br/spielbericht/index/spielbericht/3477537,991,2004,37,2004-10-24,Sao Paulo,Santos,1,0,exact,,,Emerson Leão,Vanderlei Luxemburgo
Transfermarkt,3477538,https://www.transfermarkt.com.br/spielbericht/index/spielbericht/3477538,992,2004,37,2004-10-24,Vasco,Flamengo,1,0,exact,,,Joel Santana,Ricardo Gomes
Transfermarkt,3477539,https://www.transfermarkt.com.br/spielbericht/index/spielbericht/3477539,993,2004,37,2004-10-24,Sao Caetano,Fluminense,2,0,exact,,,Péricles Chamusca,Alexandre Gama
Transfermarkt,3477540,https://www.transfermarkt.com.br/spielbericht/index/spielbericht/3477540,994,2004,37,2004-10-24,Criciuma,Figueirense,2,1,exact,,,Lori Sandri,Dorival Júnior
Transfermarkt,3477541,https://www.transfermarkt.com.br/spielbericht/index/spielbericht/3477541,995,2004,37,2004-10-24,Parana,Corinthians,1,2,exact,,,Paulo Campos,Tite
Transfermarkt,3477542,https://www.transfermarkt.com.br/spielbericht/index/spielbericht/3477542,996,2004,37,2004-10-24,Guarani,Ponte Preta,0,0,exact,,,Jair Picerni,Nenê Santana
Transfermarkt,3477543,https://www.transfermarkt.com.br/spielbericht/index/spielbericht/3477543,997,2004,38,2004-10-26,Palmeiras,Botafogo-RJ,2,1,exact,,,Estevam Soares,Paulo Bonamigo
Transfermarkt,3477544,https://www.transfermarkt.com.br/spielbericht/index/spielbericht/3477544,998,2004,38,2004-10-26,Goias,Athletico-PR,2,0,exact,,,Celso Roth,Levir Culpi
Transfermarkt,3477545,https://www.transfermarkt.com.br/spielbericht/index/spielbericht/3477545,999,2004,38,2004-10-26,Cruzeiro,Gremio,2,0,exact,,,Marco Aurélio,Cuca
Transfermarkt,3477546,https://www.transfermarkt.com.br/spielbericht/index/spielbericht/3477546,1000,2004,38,2004-10-26,Vitoria,Atletico-MG,2,1,exact,,,Evaristo de Macedo,Mário Sérgio
Transfermarkt,3477548,https://www.transfermarkt.com.br/spielbericht/index/spielbericht/3477548,1001,2004,38,2004-10-27,Internacional,Guarani,1,3,exact,,,Muricy Ramalho,Jair Picerni
Transfermarkt,3477549,https://www.transfermarkt.com.br/spielbericht/index/spielbericht/3477549,1002,2004,38,2004-10-27,Parana,Figueirense,2,1,exact,,,Paulo Campos,Dorival Júnior
Transfermarkt,3477550,https://www.transfermarkt.com.br/spielbericht/index/spielbericht/3477550,1003,2004,38,2004-10-27,Fluminense,Juventude,7,1,exact,,,Valdir Espinosa,Ivo Wortmann
Transfermarkt,3477551,https://www.transfermarkt.com.br/spielbericht/index/spielbericht/3477551,1004,2004,38,2004-10-27,Ponte Preta,Paysandu,3,0,exact,,,Nenê Santana,Adilson Batista
Transfermarkt,3477552,https://www.transfermarkt.com.br/spielbericht/index/spielbericht/3477552,1005,2004,38,2004-10-27,Coritiba,Vasco,0,1,exact,,,Antônio Lopes,Joel Santana
Transfermarkt,3477553,https://www.transfermarkt.com.br/spielbericht/index/spielbericht/3477553,1006,2004,38,2004-10-27,Flamengo,Santos,1,1,exact,,,Ricardo Gomes,Vanderlei Luxemburgo
Transfermarkt,3477554,https://www.transfermarkt.com.br/spielbericht/index/spielbericht/3477554,1007,2004,38,2004-10-27,Criciuma,Corinthians,1,1,exact,,,Lori Sandri,Tite
Transfermarkt,3477547,https://www.transfermarkt.com.br/spielbericht/index/spielbericht/3477547,1008,2004,38,2004-10-27,Sao Paulo,Sao Caetano,4,2,round_teams_score,,,Emerson Leão,Péricles Chamusca
Transfermarkt,3477555,https://www.transfermarkt.com.br/spielbericht/index/spielbericht/3477555,1009,2004,39,2004-10-30,Santos,Fluminense,5,0,exact,,,Vanderlei Luxemburgo,Valdir Espinosa
Transfermarkt,3477556,https://www.transfermarkt.com.br/spielbericht/index/spielbericht/3477556,1010,2004,39,2004-10-30,Guarani,Goias,1,1,exact,,,Jair Picerni,Celso Roth
Transfermarkt,3477557,https://www.transfermarkt.com.br/spielbericht/index/spielbericht/3477557,1011,2004,39,2004-10-30,Paysandu,Coritiba,0,0,exact,,,Adilson Batista,Antônio Lopes
Transfermarkt,3477558,https://www.transfermarkt.com.br/spielbericht/index/spielbericht/3477558,1012,2004,39,2004-10-30,Botafogo-RJ,Cruzeiro,2,1,exact,,,Paulo Bonamigo,Marco Aurélio
Transfermarkt,3477559,https://www.transfermarkt.com.br/spielbericht/index/spielbericht/3477559,1013,2004,39,2004-10-30,Juventude,Flamengo,1,0,exact,,,Ivo Wortmann,Ricardo Gomes
Transfermarkt,3477560,https://www.transfermarkt.com.br/spielbericht/index/spielbericht/3477560,1014,2004,39,2004-10-30,Gremio,Palmeiras,2,3,exact,,,Cláudio Duarte,Estevam Soares
Transfermarkt,3477561,https://www.transfermarkt.com.br/spielbericht/index/spielbericht/3477561,1015,2004,39,2004-10-30,Corinthians,Vitoria,1,0,exact,,,Tite,Evaristo de Macedo
Transfermarkt,3477562,https://www.transfermarkt.com.br/spielbericht/index/spielbericht/3477562,1016,2004,39,2004-10-30,Figueirense,Sao Paulo,1,0,exact,,,Dorival Júnior,Emerson Leão
Transfermarkt,3477563,https://www.transfermarkt.com.br/spielbericht/index/spielbericht/3477563,1017,2004,39,2004-10-30,Athletico-PR,Internacional,2,1,exact,,,Levir Culpi,Muricy Ramalho
Transfermarkt,3477564,https://www.transfermarkt.com.br/spielbericht/index/spielbericht/3477564,1018,2004,39,2004-10-30,Atletico-MG,Criciuma,2,2,exact,,,Mário Sérgio,Lori Sandri
Transfermarkt,3477565,https://www.transfermarkt.com.br/spielbericht/index/spielbericht/3477565,1019,2004,39,2004-10-31,Vasco,Ponte Preta,2,2,exact,,,Joel Santana,Nenê Santana
Transfermarkt,3477579,https://www.transfermarkt.com.br/spielbericht/index/spielbericht/3477579,1020,2004,39,2004-11-10,Sao Caetano,Parana,2,1,exact,,,Péricles Chamusca,Paulo Campos
Transfermarkt,3477567,https://www.transfermarkt.com.br/spielbericht/index/spielbericht/3477567,1021,2004,40,2004-11-06,Palmeiras,Paysandu,1,0,exact,,,Estevam Soares,Adilson Batista
Transfermarkt,3477568,https://www.transfermarkt.com.br/spielbericht/index/spielbericht/3477568,1022,2004,40,2004-11-06,Goias,Atletico-MG,1,0,exact,,,Celso Roth,Mário Sérgio
Transfermarkt,3477569,https://www.transfermarkt.com.br/spielbericht/index/spielbericht/3477569,1023,2004,40,2004-11-06,Flamengo,Guarani,1,0,exact,,,Andrade,Jair Picerni
Transfermarkt,3477570,https://www.transfermarkt.com.br/spielbericht/index/spielbericht/3477570,1024,2004,40,2004-11-06,Parana,Gremio,1,0,exact,,,Paulo Campos,Cláudio Duarte
Transfermarkt,3477572,https://www.transfermarkt.com.br/spielbericht/index/spielbericht/3477572,1026,2004,40,2004-11-07,Internacional,Corinthians,3,0,exact,,,Muricy Ramalho,Tite
Transfermarkt,3477573,https://www.transfermarkt.com.br/spielbericht/index/spielbericht/3477573,1027,2004,40,2004-11-07,Fluminense,Athletico-PR,1,2,exact,,,Valdir Espinosa,Levir Culpi
Transfermarkt,3477574,https://www.transfermarkt.com.br/spielbericht/index/spielbericht/3477574,1028,2004,40,2004-11-07,Cruzeiro,Vasco,3,2,exact,,,Luis Antonio Zaluar,Joel Santana
Transfermarkt,3477575,https://www.transfermarkt.com.br/spielbericht/index/spielbericht/3477575,1029,2004,40,2004-11-07,Coritiba,Figueirense,2,0,exact,,,Antônio Lopes,Dorival Júnior
Transfermarkt,3477577,https://www.transfermarkt.com.br/spielbericht/index/spielbericht/3477577,1031,2004,40,2004-11-07,Sao Paulo,Botafogo-RJ,5,2,exact,,,Emerson Leão,Paulo Bonamigo
Transfermarkt,3477578,https://www.transfermarkt.com.br/spielbericht/index/spielbericht/3477578,1032,2004,40,2004-11-07,Ponte Preta,Sao Caetano,0,3,exact,,,Nenê Santana,Péricles Chamusca
Transfermarkt,3477580,https://www.transfermarkt.com.br/spielbericht/index/spielbericht/3477580,1033,2004,41,2004-11-13,Botafogo-RJ,Coritiba,4,1,exact,,,Paulo Bonamigo,Antônio Lopes
Transfermarkt,3477581,https://www.transfermarkt.com.br/spielbericht/index/spielbericht/3477581,1034,2004,41,2004-11-13,Sao Caetano,Cruzeiro,4,1,exact,,,Péricles Chamusca,Marco Aurélio
Transfermarkt,3477582,https://www.transfermarkt.com.br/spielbericht/index/spielbericht/3477582,1035,2004,41,2004-11-13,Gremio,Ponte Preta,6,1,exact,4-3-3 ofensivo,5-3-2,Cláudio Duarte,Nenê Santana
Transfermarkt,3477583,https://www.transfermarkt.com.br/spielbericht/index/spielbericht/3477583,1036,2004,41,2004-11-13,Corinthians,Fluminense,1,1,exact,,,Tite,Alexandre Gama
Transfermarkt,3477584,https://www.transfermarkt.com.br/spielbericht/index/spielbericht/3477584,1037,2004,41,2004-11-14,Vasco,Sao Paulo,0,0,exact,,,Joel Santana,Emerson Leão
Transfermarkt,3477585,https://www.transfermarkt.com.br/spielbericht/index/spielbericht/3477585,1038,2004,41,2004-11-14,Santos,Goias,2,1,exact,,,Vanderlei Luxemburgo,Celso Roth
Transfermarkt,3477586,https://www.transfermarkt.com.br/spielbericht/index/spielbericht/3477586,1039,2004,41,2004-11-14,Atletico-MG,Flamengo,6,1,exact,,,Mário Sérgio,Andrade
Transfermarkt,3477587,https://www.transfermarkt.com.br/spielbericht/index/spielbericht/3477587,1040,2004,41,2004-11-14,Athletico-PR,Criciuma,6,1,exact,,,Levir Culpi,Lori Sandri
Transfermarkt,3477588,https://www.transfermarkt.com.br/spielbericht/index/spielbericht/3477588,1041,2004,41,2004-11-14,Guarani,Vitoria,0,0,exact,,,Jair Picerni,Evaristo de Macedo
Transfermarkt,3477589,https://www.transfermarkt.com.br/spielbericht/index/spielbericht/3477589,1042,2004,41,2004-11-14,Paysandu,Parana,1,1,exact,,,Adilson Batista,Paulo Campos
Transfermarkt,3477590,https://www.transfermarkt.com.br/spielbericht/index/spielbericht/3477590,1043,2004,41,2004-11-14,Figueirense,Palmeiras,0,1,exact,,,Dorival Júnior,Estevam Soares
Transfermarkt,3477591,https://www.transfermarkt.com.br/spielbericht/index/spielbericht/3477591,1044,2004,41,2004-11-14,Juventude,Internacional,2,3,exact,,,Ivo Wortmann,Muricy Ramalho
Transfermarkt,3477592,https://www.transfermarkt.com.br/spielbericht/index/spielbericht/3477592,1045,2004,42,2004-11-20,Fluminense,Figueirense,0,2,exact,,,Alexandre Gama,Dorival Júnior
Transfermarkt,3477593,https://www.transfermarkt.com.br/spielbericht/index/spielbericht/3477593,1046,2004,42,2004-11-20,Parana,Atletico-MG,1,0,exact,,,Paulo Campos,Mário Sérgio
Transfermarkt,3477594,https://www.transfermarkt.com.br/spielbericht/index/spielbericht/3477594,1047,2004,42,2004-11-20,Palmeiras,Guarani,0,2,exact,,,Estevam Soares,Jair Picerni
Transfermarkt,3477595,https://www.transfermarkt.com.br/spielbericht/index/spielbericht/3477595,1048,2004,42,2004-11-20,Vitoria,Gremio,2,0,exact,,,Evaristo de Macedo,Cláudio Duarte
Transfermarkt,3477596,https://www.transfermarkt.com.br/spielbericht/index/spielbericht/3477596,1049,2004,42,2004-11-21,Goias,Vasco,3,2,exact,,,Celso Roth,Joel Santana
Transfermarkt,3477597,https://www.transfermarkt.com.br/spielbericht/index/spielbericht/3477597,1050,2004,42,2004-11-21,Ponte Preta,Athletico-PR,2,3,exact,,,Nenê Santana,Levir Culpi
Transfermarkt,3477598,https://www.transfermarkt.com.br/spielbericht/index/spielbericht/3477598,1051,2004,42,2004-11-21,Flamengo,Botafogo-RJ,0,0,exact,,,Andrade,Paulo Bonamigo
Transfermarkt,3477599,https://www.transfermarkt.com.br/spielbericht/index/spielbericht/3477599,1052,2004,42,2004-11-21,Cruzeiro,Corinthians,0,1,exact,,,Ney Franco,Tite
Transfermarkt,3477600,https://www.transfermarkt.com.br/spielbericht/index/spielbericht/3477600,1053,2004,42,2004-11-21,Coritiba,Santos,0,1,exact,,,Antônio Lopes,Vanderlei Luxemburgo
Transfermarkt,3477601,https://www.transfermarkt.com.br/spielbericht/index/spielbericht/3477601,1054,2004,42,2004-11-21,Criciuma,Paysandu,1,0,exact,,,Lori Sandri,Vágner Benazzi
Transfermarkt,3477602,https://www.transfermarkt.com.br/spielbericht/index/spielbericht/3477602,1055,2004,42,2004-11-21,Internacional,Sao Caetano,1,0,exact,,,Muricy Ramalho,Péricles Chamusca
Transfermarkt,3477603,https://www.transfermarkt.com.br/spielbericht/index/spielbericht/3477603,1056,2004,42,2004-11-21,Sao Paulo,Juventude,4,0,exact,,,Emerson Leão,Ivo Wortmann
Transfermarkt,3477604,https://www.transfermarkt.com.br/spielbericht/index/spielbericht/3477604,1057,2004,43,2004-11-27,Figueirense,Atletico-MG,2,1,exact,,,Dorival Júnior,Mário Sérgio
Transfermarkt,3477605,https://www.transfermarkt.com.br/spielbericht/index/spielbericht/3477605,1058,2004,43,2004-11-27,Botafogo-RJ,Guarani,1,0,exact,,,Paulo Bonamigo,Jair Picerni
Transfermarkt,3477606,https://www.transfermarkt.com.br/spielbericht/index/spielbericht/3477606,1059,2004,43,2004-11-27,Parana,Goias,2,1,exact,,,Paulo Campos,Celso Roth
Transfermarkt,3477607,https://www.transfermarkt.com.br/spielbericht/index/spielbericht/3477607,1060,2004,43,2004-11-28,Cruzeiro,Fluminense,2,3,round_teams_score,,,Ney Franco,Alexandre Gama
Transfermarkt,3477608,https://www.transfermarkt.com.br/spielbericht/index/spielbericht/3477608,1061,2004,43,2004-11-27,Sao Paulo,Internacional,2,1,exact,,,Emerson Leão,Muricy Ramalho
Transfermarkt,3477609,https://www.transfermarkt.com.br/spielbericht/index/spielbericht/3477609,1062,2004,43,2004-11-28,Paysandu,Santos,1,1,exact,,,Vágner Benazzi,Vanderlei Luxemburgo
Transfermarkt,3477610,https://www.transfermarkt.com.br/spielbericht/index/spielbericht/3477610,1063,2004,43,2004-11-28,Palmeiras,Flamengo,1,2,exact,,,Estevam Soares,Andrade
Transfermarkt,3477611,https://www.transfermarkt.com.br/spielbericht/index/spielbericht/3477611,1064,2004,43,2004-11-28,Ponte Preta,Criciuma,1,0,exact,,,Nenê Santana,Lori Sandri
Transfermarkt,3477612,https://www.transfermarkt.com.br/spielbericht/index/spielbericht/3477612,1065,2004,43,2004-11-28,Sao Caetano,Corinthians,2,1,exact,,,Péricles Chamusca,Tite
Transfermarkt,3477614,https://www.transfermarkt.com.br/spielbericht/index/spielbericht/3477614,1067,2004,43,2004-11-28,Gremio,Athletico-PR,3,3,exact,,,Cláudio Duarte,Levir Culpi
Transfermarkt,3477615,https://www.transfermarkt.com.br/spielbericht/index/spielbericht/3477615,1068,2004,43,2004-11-28,Vasco,Juventude,1,1,exact,,,Joel Santana,Ivo Wortmann
Transfermarkt,3477616,https://www.transfermarkt.com.br/spielbericht/index/spielbericht/3477616,1069,2004,44,2004-12-04,Fluminense,Ponte Preta,1,0,exact,,,Alexandre Gama,Nenê Santana
Transfermarkt,3477617,https://www.transfermarkt.com.br/spielbericht/index/spielbericht/3477617,1070,2004,44,2004-12-04,Guarani,Figueirense,2,1,exact,,,Jair Picerni,Dorival Júnior
Transfermarkt,3477618,https://www.transfermarkt.com.br/spielbericht/index/spielbericht/3477618,1071,2004,44,2004-12-04,Criciuma,Parana,1,2,exact,,,Lori Sandri,Paulo Campos
Transfermarkt,3477619,https://www.transfermarkt.com.br/spielbericht/index/spielbericht/3477619,1072,2004,44,2004-12-04,Atletico-MG,Paysandu,0,0,exact,,,Procópio Cardoso,Vágner Benazzi
Transfermarkt,3477620,https://www.transfermarkt.com.br/spielbericht/index/spielbericht/3477620,1073,2004,44,2004-12-04,Goias,Palmeiras,0,0,exact,,,Celso Roth,Estevam Soares
Transfermarkt,3477621,https://www.transfermarkt.com.br/spielbericht/index/spielbericht/3477621,1074,2004,44,2004-12-04,Corinthians,Vasco,3,1,exact,,,Tite,Joel Santana
Transfermarkt,3477622,https://www.transfermarkt.com.br/spielbericht/index/spielbericht/3477622,1075,2004,44,2004-12-05,Vitoria,Sao Paulo,1,4,exact,,,Evaristo de Macedo,Emerson Leão
Transfermarkt,3477623,https://www.transfermarkt.com.br/spielbericht/index/spielbericht/3477623,1076,2004,44,2004-12-05,Santos,Gremio,5,1,exact,,,Vanderlei Luxemburgo,Cláudio Duarte
Transfermarkt,3477624,https://www.transfermarkt.com.br/spielbericht/index/spielbericht/3477624,1077,2004,44,2004-12-05,Juventude,Botafogo-RJ,1,0,exact,,,Ivo Wortmann,Paulo Bonamigo
Transfermarkt,3477625,https://www.transfermarkt.com.br/spielbericht/index/spielbericht/3477625,1078,2004,44,2004-12-05,Athletico-PR,Sao Caetano,5,2,exact,,,Levir Culpi,Péricles Chamusca
Transfermarkt,3477626,https://www.transfermarkt.com.br/spielbericht/index/spielbericht/3477626,1079,2004,44,2004-12-05,Internacional,Cruzeiro,2,0,exact,,,Muricy Ramalho,Ney Franco
Transfermarkt,3477627,https://www.transfermarkt.com.br/spielbericht/index/spielbericht/3477627,1080,2004,44,2004-12-05,Flamengo,Coritiba,0,0,exact,,,Andrade,Antônio Lopes
Transfermarkt,3477628,https://www.transfermarkt.com.br/spielbericht/index/spielbericht/3477628,1081,2004,45,2004-12-11,Gremio,Atletico-MG,0,1,exact,,,Cláudio Duarte,Procópio Cardoso
Transfermarkt,3477629,https://www.transfermarkt.com.br/spielbericht/index/spielbericht/3477629,1082,2004,45,2004-12-11,Paysandu,Guarani,4,2,exact,,,Vágner Benazzi,Jair Picerni
Transfermarkt,3477630,https://www.transfermarkt.com.br/spielbericht/index/spielbericht/3477630,1083,2004,45,2004-12-11,Palmeiras,Criciuma,3,2,exact,,,Estevam Soares,Lori Sandri
Transfermarkt,3477631,https://www.transfermarkt.com.br/spielbericht/index/spielbericht/3477631,1084,2004,45,2004-12-11,Parana,Fluminense,0,1,exact,,,Paulo Campos,Alexandre Gama
Transfermarkt,3477632,https://www.transfermarkt.com.br/spielbericht/index/spielbericht/3477632,1085,2004,45,2004-12-12,Sao Paulo,Flamengo,1,1,exact,,,Emerson Leão,Júlio César Leal
Transfermarkt,3477633,https://www.transfermarkt.com.br/spielbericht/index/spielbericht/3477633,1086,2004,45,2004-12-12,Sao Caetano,Santos,0,3,exact,,,Péricles Chamusca,Vanderlei Luxemburgo
Transfermarkt,3477634,https://www.transfermarkt.com.br/spielbericht/index/spielbericht/3477634,1087,2004,45,2004-12-12,Botafogo-RJ,Corinthians,1,2,exact,,,Paulo Bonamigo,Tite
Transfermarkt,3477635,https://www.transfermarkt.com.br/spielbericht/index/spielbericht/3477635,1088,2004,45,2004-12-12,Vasco,Athletico-PR,1,0,exact,,,Joel Santana,Levir Culpi
Transfermarkt,3477636,https://www.transfermarkt.com.br/spielbericht/index/spielbericht/3477636,1089,2004,45,2004-12-12,Coritiba,Goias,1,0,exact,,,Antônio Lopes,Celso Roth
Transfermarkt,3477637,https://www.transfermarkt.com.br/spielbericht/index/spielbericht/3477637,1090,2004,45,2004-12-12,Figueirense,Juventude,1,0,exact,,,Dorival Júnior,Ivo Wortmann
Transfermarkt,3477638,https://www.transfermarkt.com.br/spielbericht/index/spielbericht/3477638,1091,2004,45,2004-12-12,Cruzeiro,Vitoria,4,0,exact,,,Ney Franco,Evaristo de Macedo
Transfermarkt,3477639,https://www.transfermarkt.com.br/spielbericht/index/spielbericht/3477639,1092,2004,45,2004-12-12,Ponte Preta,Internacional,1,2,exact,,,Nenê Santana,Muricy Ramalho
Transfermarkt,3477640,https://www.transfermarkt.com.br/spielbericht/index/spielbericht/3477640,1093,2004,46,2004-12-19,Fluminense,Palmeiras,1,1,exact,,,Alexandre Gama,Estevam Soares
Transfermarkt,3477641,https://www.transfermarkt.com.br/spielbericht/index/spielbericht/3477641,1094,2004,46,2004-12-19,Vitoria,Ponte Preta,1,2,exact,,,Evaristo de Macedo,Nenê Santana
Transfermarkt,3477642,https://www.transfermarkt.com.br/spielbericht/index/spielbericht/3477642,1095,2004,46,2004-12-19,Criciuma,Coritiba,3,3,exact,,,Lori Sandri,Antônio Lopes
Transfermarkt,3477643,https://www.transfermarkt.com.br/spielbericht/index/spielbericht/3477643,1096,2004,46,2004-12-19,Guarani,Gremio,2,0,exact,,,Jair Picerni,Cláudio Duarte
Transfermarkt,3477644,https://www.transfermarkt.com.br/spielbericht/index/spielbericht/3477644,1097,2004,46,2004-12-19,Goias,Sao Paulo,2,0,exact,,,Celso Roth,Emerson Leão
Transfermarkt,3477645,https://www.transfermarkt.com.br/spielbericht/index/spielbericht/3477645,1098,2004,46,2004-12-19,Atletico-MG,Sao Caetano,3,0,exact,,,Procópio Cardoso,Péricles Chamusca
Transfermarkt,3477646,https://www.transfermarkt.com.br/spielbericht/index/spielbericht/3477646,1099,2004,46,2004-12-19,Flamengo,Cruzeiro,6,2,exact,,,Andrade,Ney Franco
Transfermarkt,3477647,https://www.transfermarkt.com.br/spielbericht/index/spielbericht/3477647,1100,2004,46,2004-12-19,Corinthians,Figueirense,5,2,exact,,,Tite,Dorival Júnior
Transfermarkt,3477648,https://www.transfermarkt.com.br/spielbericht/index/spielbericht/3477648,1101,2004,46,2004-12-19,Internacional,Parana,2,1,exact,,,Muricy Ramalho,Paulo Campos
Transfermarkt,3477649,https://www.transfermarkt.com.br/spielbericht/index/spielbericht/3477649,1102,2004,46,2004-12-19,Juventude,Paysandu,1,2,exact,,,Ivo Wortmann,Vágner Benazzi
Transfermarkt,3477650,https://www.transfermarkt.com.br/spielbericht/index/spielbericht/3477650,1103,2004,46,2004-12-19,Athletico-PR,Botafogo-RJ,1,1,exact,,,Levir Culpi,Paulo Bonamigo
Transfermarkt,3477651,https://www.transfermarkt.com.br/spielbericht/index/spielbericht/3477651,1104,2004,46,2004-12-19,Santos,Vasco,2,1,exact,,,Vanderlei Luxemburgo,Joel Santana
