temporada,rodada,partida_id,data,mandante,visitante,placar,o_que_falta,tecnico_mandante_atual,tecnico_visitante_atual,formacao_mandante_atual,formacao_visitante_atual,source_url_transfermarkt,campos_disponiveis_transfermarkt,transfermarkt_tecnico_mandante,transfermarkt_tecnico_visitante,transfermarkt_formacao_mandante,transfermarkt_formacao_visitante,onde_procurar,observacao
2008,5,2370,2008-06-08,Portuguesa,Internacional,3-1,"tecnico_mandante, tecnico_visitante",,,4-4-2,4-4-2,https://www.transfermarkt.com.br/spielbericht/index/spielbericht/909294,"formacao_mandante, formacao_visitante",,,4-4-2,4-4-2,Transfermarkt linkado; ogol se Transfermarkt nao trouxer tecnico/formacao; ESPN/arquivo local como fallback,Link conhecido; conferir/aplicar somente os campos listados em o_que_falta.
2008,13,2464,2008-07-20,Flamengo,Vitoria,0-1,"formacao_mandante, formacao_visitante",Caio Júnior,Vagner Mancini,,,https://www.transfermarkt.com.br/spielbericht/index/spielbericht/909377,"tecnico_mandante, tecnico_visitante",Caio Júnior,Vagner Mancini,,,Transfermarkt linkado; ogol se Transfermarkt nao trouxer tecnico/formacao; ESPN/arquivo local como fallback,Link conhecido; conferir/aplicar somente os campos listados em o_que_falta.
2008,21,2530,2008-08-20,Sao Paulo,Athletico-PR,3-1,"formacao_mandante, formacao_visitante",Muricy Ramalho,Mário Sérgio,,,https://www.transfermarkt.com.br/spielbericht/index/spielbericht/923049,"tecnico_mandante, tecnico_visitante",Muricy Ramalho,Mário Sérgio,,,Transfermarkt linkado; ogol se Transfermarkt nao trouxer tecnico/formacao; ESPN/arquivo local como fallback,Link conhecido; conferir/aplicar somente os campos listados em o_que_falta.
2008,36,2679,2008-11-22,Portuguesa,Goias,0-0,"tecnico_mandante, tecnico_visitante",,,4-4-2,4-4-2,https://www.transfermarkt.com.br/spielbericht/index/spielbericht/929585,"formacao_mandante, formacao_visitante",,,4-4-2,4-4-2,Transfermarkt linkado; ogol se Transfermarkt nao trouxer tecnico/formacao; ESPN/arquivo local como fallback,Link conhecido; conferir/aplicar somente os campos listados em o_que_falta.
2008,37,2689,2008-11-30,Portuguesa,Sport,2-2,"tecnico_mandante, tecnico_visitante",,,4-4-2,3-5-2,https://www.transfermarkt.com.br/spielbericht/index/spielbericht/930203,"formacao_mandante, formacao_visitante",,,4-4-2,3-5-2,Transfermarkt linkado; ogol se Transfermarkt nao trouxer tecnico/formacao; ESPN/arquivo local como fallback,Link conhecido; conferir/aplicar somente os campos listados em o_que_falta.
2008,38,2702,2008-12-07,Cruzeiro,Portuguesa,4-1,"tecnico_mandante, tecnico_visitante",,,4-4-2,4-4-2,https://www.transfermarkt.com.br/spielbericht/index/spielbericht/930213,"formacao_mandante, formacao_visitante",,,4-4-2,4-4-2,Transfermarkt linkado; ogol se Transfermarkt nao trouxer tecnico/formacao; ESPN/arquivo local como fallback,Link conhecido; conferir/aplicar somente os campos listados em o_que_falta.
2009,2,2720,2009-05-17,Santos,Goias,3-3,"formacao_mandante, formacao_visitante",Vagner Mancini,Hélio dos Anjos,,,https://www.transfermarkt.com.br/spielbericht/index/spielbericht/939079,"tecnico_mandante, tecnico_visitante",Vagner Mancini,Hélio dos Anjos,,,Transfermarkt linkado; ogol se Transfermarkt nao trouxer tecnico/formacao; ESPN/arquivo local como fallback,Link conhecido; conferir/aplicar somente os campos listados em o_que_falta.
2009,12,2826,2009-07-19,Botafogo-RJ,Flamengo,2-2,"tecnico_mandante, tecnico_visitante, formacao_mandante, formacao_visitante",,,,,,,,,,,Transfermarkt buscar por jogo; ogol se Transfermarkt nao trouxer tecnico/formacao; ESPN/arquivo local como fallback,"Sem link direto auditado; procurar por temporada, rodada, times, placar e data do banco."
2009,15,2856,2009-07-30,Sao Paulo,Gremio,2-1,"formacao_mandante, formacao_visitante",Ricardo Gomes,Paulo Autuori,,,https://www.transfermarkt.com.br/spielbericht/index/spielbericht/939217,"tecnico_mandante, tecnico_visitante",Ricardo Gomes,Paulo Autuori,,,Transfermarkt linkado; ogol se Transfermarkt nao trouxer tecnico/formacao; ESPN/arquivo local como fallback,Link conhecido; conferir/aplicar somente os campos listados em o_que_falta.
2009,16,2862,2009-08-02,Athletico-PR,Fluminense,1-0,"tecnico_mandante, tecnico_visitante",,,3-5-2,3-5-2,https://www.transfermarkt.com.br/spielbericht/index/spielbericht/939223,"formacao_mandante, formacao_visitante",,,3-5-2,3-5-2,Transfermarkt linkado; ogol se Transfermarkt nao trouxer tecnico/formacao; ESPN/arquivo local como fallback,Link conhecido; conferir/aplicar somente os campos listados em o_que_falta.
2009,21,2908,2009-08-22,Santo Andre,Coritiba,1-0,"formacao_mandante, formacao_visitante",Alexandre Gallo,Ney Franco,,,https://www.transfermarkt.com.br/spielbericht/index/spielbericht/965902,"tecnico_mandante, tecnico_visitante",Alexandre Gallo,Ney Franco,,,Transfermarkt linkado; ogol se Transfermarkt nao trouxer tecnico/formacao; ESPN/arquivo local como fallback,Link conhecido; conferir/aplicar somente os campos listados em o_que_falta.
2010,2,3099,2010-05-15,Vitoria,Flamengo,1-1,"formacao_mandante, formacao_visitante",Ricardo Silva,Rogério Lourenço,,,https://www.transfermarkt.com.br/spielbericht/index/spielbericht/1003486,"tecnico_mandante, tecnico_visitante",Ricardo Silva,Rogério Lourenço,,,Transfermarkt linkado; ogol se Transfermarkt nao trouxer tecnico/formacao; ESPN/arquivo local como fallback,Link conhecido; conferir/aplicar somente os campos listados em o_que_falta.
2010,14,3223,2010-08-15,Gremio Prudente,Vasco,1-2,"tecnico_mandante, tecnico_visitante",,,4-4-2,4-4-2,https://www.transfermarkt.com.br/spielbericht/index/spielbericht/1006345,"formacao_mandante, formacao_visitante",,,4-4-2,4-4-2,Transfermarkt linkado; ogol se Transfermarkt nao trouxer tecnico/formacao; ESPN/arquivo local como fallback,Link conhecido; conferir/aplicar somente os campos listados em o_que_falta.
2010,21,3287,2010-09-11,Flamengo,Vitoria,2-2,"tecnico_mandante, tecnico_visitante",,,4-4-2,4-4-2,https://www.transfermarkt.com.br/spielbericht/index/spielbericht/1007650,"formacao_mandante, formacao_visitante",,,4-4-2,4-4-2,Transfermarkt linkado; ogol se Transfermarkt nao trouxer tecnico/formacao; ESPN/arquivo local como fallback,Link conhecido; conferir/aplicar somente os campos listados em o_que_falta.
2010,24,3326,2010-09-23,Vitoria,Avai,3-0,"tecnico_mandante, tecnico_visitante",,,4-4-2,4-4-2,https://www.transfermarkt.com.br/spielbericht/index/spielbericht/1009327,"formacao_mandante, formacao_visitante",,,4-4-2,4-4-2,Transfermarkt linkado; ogol se Transfermarkt nao trouxer tecnico/formacao; ESPN/arquivo local como fallback,Link conhecido; conferir/aplicar somente os campos listados em o_que_falta.
2010,25,3333,2010-09-26,Vitoria,Fluminense,1-2,"tecnico_mandante, tecnico_visitante",,,4-4-2,4-4-2,https://www.transfermarkt.com.br/spielbericht/index/spielbericht/1009337,"formacao_mandante, formacao_visitante",,,4-4-2,4-4-2,Transfermarkt linkado; ogol se Transfermarkt nao trouxer tecnico/formacao; ESPN/arquivo local como fallback,Link conhecido; conferir/aplicar somente os campos listados em o_que_falta.
2010,26,3340,2010-09-29,Gremio Prudente,Guarani,4-2,"tecnico_mandante, tecnico_visitante",,,4-5-1,4-4-2,https://www.transfermarkt.com.br/spielbericht/index/spielbericht/1009343,"formacao_mandante, formacao_visitante",,,4-5-1,4-4-2,Transfermarkt linkado; ogol se Transfermarkt nao trouxer tecnico/formacao; ESPN/arquivo local como fallback,Link conhecido; conferir/aplicar somente os campos listados em o_que_falta.
2010,26,3342,2010-09-29,Athletico-PR,Vitoria,1-0,"tecnico_mandante, tecnico_visitante",,,4-4-2,4-4-2,https://www.transfermarkt.com.br/spielbericht/index/spielbericht/1009348,"formacao_mandante, formacao_visitante",,,4-4-2,4-4-2,Transfermarkt linkado; ogol se Transfermarkt nao trouxer tecnico/formacao; ESPN/arquivo local como fallback,Link conhecido; conferir/aplicar somente os campos listados em o_que_falta.
2010,27,3350,2010-10-02,Gremio Prudente,Fluminense,1-1,"tecnico_mandante, tecnico_visitante",,,4-4-2,4-4-2,https://www.transfermarkt.com.br/spielbericht/index/spielbericht/1009353,"formacao_mandante, formacao_visitante",,,4-4-2,4-4-2,Transfermarkt linkado; ogol se Transfermarkt nao trouxer tecnico/formacao; ESPN/arquivo local como fallback,Link conhecido; conferir/aplicar somente os campos listados em o_que_falta.
2010,27,3351,2010-10-02,Vitoria,Gremio,0-3,"tecnico_mandante, tecnico_visitante",,,4-4-2,4-4-2,https://www.transfermarkt.com.br/spielbericht/index/spielbericht/1009357,"formacao_mandante, formacao_visitante",,,4-4-2,4-4-2,Transfermarkt linkado; ogol se Transfermarkt nao trouxer tecnico/formacao; ESPN/arquivo local como fallback,Link conhecido; conferir/aplicar somente os campos listados em o_que_falta.
2010,27,3355,2010-10-02,Avai,Sao Paulo,0-0,"tecnico_mandante, tecnico_visitante",,,4-5-1,4-4-2,https://www.transfermarkt.com.br/spielbericht/index/spielbericht/1009358,"formacao_mandante, formacao_visitante",,,4-5-1,4-4-2,Transfermarkt linkado; ogol se Transfermarkt nao trouxer tecnico/formacao; ESPN/arquivo local como fallback,Link conhecido; conferir/aplicar somente os campos listados em o_que_falta.
2010,28,3362,2010-10-06,Sao Paulo,Vitoria,2-0,"tecnico_mandante, tecnico_visitante",,,4-4-2,4-5-1,https://www.transfermarkt.com.br/spielbericht/index/spielbericht/1009359,"formacao_mandante, formacao_visitante",,,4-4-2,4-5-1,Transfermarkt linkado; ogol se Transfermarkt nao trouxer tecnico/formacao; ESPN/arquivo local como fallback,Link conhecido; conferir/aplicar somente os campos listados em o_que_falta.
2010,36,3443,2010-11-21,Vitoria,Corinthians,1-1,"formacao_mandante, formacao_visitante",Antônio Lopes,Tite,,,https://www.transfermarkt.com.br/spielbericht/index/spielbericht/1009448,"tecnico_mandante, tecnico_visitante",Antônio Lopes,Tite,,,Transfermarkt linkado; ogol se Transfermarkt nao trouxer tecnico/formacao; ESPN/arquivo local como fallback,Link conhecido; conferir/aplicar somente os campos listados em o_que_falta.
2010,36,3445,2010-11-21,Avai,Atletico-GO,3-0,"formacao_mandante, formacao_visitante",Vágner Benazzi,Renê Simões,,,https://www.transfermarkt.com.br/spielbericht/index/spielbericht/1009449,"tecnico_mandante, tecnico_visitante",Vágner Benazzi,Renê Simões,,,Transfermarkt linkado; ogol se Transfermarkt nao trouxer tecnico/formacao; ESPN/arquivo local como fallback,Link conhecido; conferir/aplicar somente os campos listados em o_que_falta.
2010,37,3456,2010-11-28,Avai,Santos,3-2,"formacao_mandante, formacao_visitante",Vágner Benazzi,Marcelo Martelotte,,,https://www.transfermarkt.com.br/spielbericht/index/spielbericht/1009459,"tecnico_mandante, tecnico_visitante",Vágner Benazzi,Marcelo Martelotte,,,Transfermarkt linkado; ogol se Transfermarkt nao trouxer tecnico/formacao; ESPN/arquivo local como fallback,Link conhecido; conferir/aplicar somente os campos listados em o_que_falta.
2010,38,3466,2010-12-05,Vitoria,Atletico-GO,0-0,"formacao_mandante, formacao_visitante",Antônio Lopes,Renê Simões,,,https://www.transfermarkt.com.br/spielbericht/index/spielbericht/1009468,"tecnico_mandante, tecnico_visitante",Antônio Lopes,Renê Simões,,,Transfermarkt linkado; ogol se Transfermarkt nao trouxer tecnico/formacao; ESPN/arquivo local como fallback,Link conhecido; conferir/aplicar somente os campos listados em o_que_falta.
2011,1,3467,2011-05-21,Atletico-MG,Athletico-PR,3-0,"formacao_mandante, formacao_visitante",Dorival Júnior,Adilson Batista,,,https://www.transfermarkt.com.br/spielbericht/index/spielbericht/1091614,"tecnico_mandante, tecnico_visitante",Dorival Júnior,Adilson Batista,,,Transfermarkt linkado; ogol se Transfermarkt nao trouxer tecnico/formacao; ESPN/arquivo local como fallback,Link conhecido; conferir/aplicar somente os campos listados em o_que_falta.
2011,4,3504,2011-06-12,Atletico-GO,Ceara,4-1,"formacao_mandante, formacao_visitante",Paulo César Gusmão,Vagner Mancini,,,https://www.transfermarkt.com.br/spielbericht/index/spielbericht/1093666,"tecnico_mandante, tecnico_visitante",Paulo César Gusmão,Vagner Mancini,,,Transfermarkt linkado; ogol se Transfermarkt nao trouxer tecnico/formacao; ESPN/arquivo local como fallback,Link conhecido; conferir/aplicar somente os campos listados em o_que_falta.
2011,7,3535,2011-06-30,Fluminense,Athletico-PR,3-1,"tecnico_mandante, tecnico_visitante",,,4-5-1,4-5-1,https://www.transfermarkt.com.br/spielbericht/index/spielbericht/1093700,"formacao_mandante, formacao_visitante",,,4-5-1,4-5-1,Transfermarkt linkado; ogol se Transfermarkt nao trouxer tecnico/formacao; ESPN/arquivo local como fallback,Link conhecido; conferir/aplicar somente os campos listados em o_que_falta.
2011,9,3548,2011-07-09,Sao Paulo,Cruzeiro,2-1,"tecnico_mandante, tecnico_visitante",,,4-5-1,4-4-2,https://www.transfermarkt.com.br/spielbericht/index/spielbericht/1093712,"formacao_mandante, formacao_visitante",,,4-5-1,4-4-2,Transfermarkt linkado; ogol se Transfermarkt nao trouxer tecnico/formacao; ESPN/arquivo local como fallback,Link conhecido; conferir/aplicar somente os campos listados em o_que_falta.
2011,11,3577,2011-07-21,Avai,Internacional,1-3,"tecnico_mandante, tecnico_visitante",,,3-5-2,4-4-2,https://www.transfermarkt.com.br/spielbericht/index/spielbericht/1093734,"formacao_mandante, formacao_visitante",,,3-5-2,4-4-2,Transfermarkt linkado; ogol se Transfermarkt nao trouxer tecnico/formacao; ESPN/arquivo local como fallback,Link conhecido; conferir/aplicar somente os campos listados em o_que_falta.
2011,11,3579,2011-07-23,Athletico-PR,Botafogo-RJ,2-1,"formacao_mandante, formacao_visitante",Renato Gaúcho,Caio Júnior,,,https://www.transfermarkt.com.br/spielbericht/index/spielbericht/1093731,"tecnico_mandante, tecnico_visitante",Renato Gaúcho,Caio Júnior,,,Transfermarkt linkado; ogol se Transfermarkt nao trouxer tecnico/formacao; ESPN/arquivo local como fallback,Link conhecido; conferir/aplicar somente os campos listados em o_que_falta.
2011,13,3592,2011-07-31,Internacional,Atletico-GO,0-0,"tecnico_mandante, tecnico_visitante",,,4-5-1,4-4-2,https://www.transfermarkt.com.br/spielbericht/index/spielbericht/1093757,"formacao_mandante, formacao_visitante",,,4-5-1,4-4-2,Transfermarkt linkado; ogol se Transfermarkt nao trouxer tecnico/formacao; ESPN/arquivo local como fallback,Link conhecido; conferir/aplicar somente os campos listados em o_que_falta.
2011,15,3614,2011-08-07,Bahia,Atletico-GO,2-1,"tecnico_mandante, tecnico_visitante",,,4-4-2,4-4-2,https://www.transfermarkt.com.br/spielbericht/index/spielbericht/1093780,"formacao_mandante, formacao_visitante",,,4-4-2,4-4-2,Transfermarkt linkado; ogol se Transfermarkt nao trouxer tecnico/formacao; ESPN/arquivo local como fallback,Link conhecido; conferir/aplicar somente os campos listados em o_que_falta.
2011,16,3618,2011-08-13,Atletico-GO,Santos,2-0,"tecnico_mandante, tecnico_visitante",,,4-4-2,4-4-2,https://www.transfermarkt.com.br/spielbericht/index/spielbericht/1093782,"formacao_mandante, formacao_visitante",,,4-4-2,4-4-2,Transfermarkt linkado; ogol se Transfermarkt nao trouxer tecnico/formacao; ESPN/arquivo local como fallback,Link conhecido; conferir/aplicar somente os campos listados em o_que_falta.
2011,31,3772,2011-10-23,Sao Paulo,Coritiba,0-0,"tecnico_mandante, tecnico_visitante",,,4-4-2,4-4-2,https://www.transfermarkt.com.br/spielbericht/index/spielbericht/1158419,"formacao_mandante, formacao_visitante",,,4-4-2,4-4-2,Transfermarkt linkado; ogol se Transfermarkt nao trouxer tecnico/formacao; ESPN/arquivo local como fallback,Link conhecido; conferir/aplicar somente os campos listados em o_que_falta.
2011,34,3804,2011-11-13,Vasco,Botafogo-RJ,2-0,"formacao_mandante, formacao_visitante",Cristóvão Borges,Caio Júnior,,,https://www.transfermarkt.com.br/spielbericht/index/spielbericht/1164795,"tecnico_mandante, tecnico_visitante",Cristóvão Borges,Caio Júnior,,,Transfermarkt linkado; ogol se Transfermarkt nao trouxer tecnico/formacao; ESPN/arquivo local como fallback,Link conhecido; conferir/aplicar somente os campos listados em o_que_falta.
2012,38,4223,2012-12-02,Coritiba,Figueirense,3-0,"tecnico_mandante, tecnico_visitante",,,4-2-3-1,4-4-2 duplo 6,https://www.transfermarkt.com.br/spielbericht/index/spielbericht/2206691,"formacao_mandante, formacao_visitante",,,4-2-3-1,4-4-2 duplo 6,Transfermarkt linkado; ogol se Transfermarkt nao trouxer tecnico/formacao; ESPN/arquivo local como fallback,Link conhecido; conferir/aplicar somente os campos listados em o_que_falta.
2013,28,4498,2013-10-12,Vitoria,Coritiba,2-1,"formacao_mandante, formacao_visitante",Ney Franco,Péricles Chamusca,,,,,,,,,Transfermarkt buscar por jogo; ogol se Transfermarkt nao trouxer tecnico/formacao; ESPN/arquivo local como fallback,"Sem link direto auditado; procurar por temporada, rodada, times, placar e data do banco."
2013,29,4508,2013-10-16,Santos,Internacional,0-0,"tecnico_mandante, tecnico_visitante",,,4-3-3 defensivo,4-5-1,,,,,,,Transfermarkt buscar por jogo; ogol se Transfermarkt nao trouxer tecnico/formacao; ESPN/arquivo local como fallback,"Sem link direto auditado; procurar por temporada, rodada, times, placar e data do banco."
2013,29,4509,2013-10-16,Criciuma,Portuguesa,1-3,"tecnico_mandante, tecnico_visitante",,,4-1-3-2,4-4-2 duplo 6,,,,,,,Transfermarkt buscar por jogo; ogol se Transfermarkt nao trouxer tecnico/formacao; ESPN/arquivo local como fallback,"Sem link direto auditado; procurar por temporada, rodada, times, placar e data do banco."
2013,29,4516,2013-10-17,Vitoria,Botafogo-RJ,1-0,"formacao_mandante, formacao_visitante",Ney Franco,Oswaldo de Oliveira,,,,,,,,,Transfermarkt buscar por jogo; ogol se Transfermarkt nao trouxer tecnico/formacao; ESPN/arquivo local como fallback,"Sem link direto auditado; procurar por temporada, rodada, times, placar e data do banco."
2013,30,4521,2013-10-20,Bahia,Sao Paulo,0-1,"formacao_mandante, formacao_visitante",Cristóvão Borges,Muricy Ramalho,,,,,,,,,Transfermarkt buscar por jogo; ogol se Transfermarkt nao trouxer tecnico/formacao; ESPN/arquivo local como fallback,"Sem link direto auditado; procurar por temporada, rodada, times, placar e data do banco."
2013,30,4522,2013-10-20,Goias,Athletico-PR,3-0,"formacao_mandante, formacao_visitante",Enderson Moreira,Vagner Mancini,,,,,,,,,Transfermarkt buscar por jogo; ogol se Transfermarkt nao trouxer tecnico/formacao; ESPN/arquivo local como fallback,"Sem link direto auditado; procurar por temporada, rodada, times, placar e data do banco."
2013,30,4524,2013-10-20,Botafogo-RJ,Vasco,2-2,"formacao_mandante, formacao_visitante",Oswaldo de Oliveira,Dorival Júnior,,,,,,,,,Transfermarkt buscar por jogo; ogol se Transfermarkt nao trouxer tecnico/formacao; ESPN/arquivo local como fallback,"Sem link direto auditado; procurar por temporada, rodada, times, placar e data do banco."
2013,30,4525,2013-10-20,Coritiba,Cruzeiro,2-1,"formacao_mandante, formacao_visitante",Péricles Chamusca,Marcelo Oliveira,,,,,,,,,Transfermarkt buscar por jogo; ogol se Transfermarkt nao trouxer tecnico/formacao; ESPN/arquivo local como fallback,"Sem link direto auditado; procurar por temporada, rodada, times, placar e data do banco."
2013,31,4527,2013-10-26,Botafogo-RJ,Atletico-MG,1-0,"formacao_mandante, formacao_visitante",Oswaldo de Oliveira,Cuca,,,,,,,,,Transfermarkt buscar por jogo; ogol se Transfermarkt nao trouxer tecnico/formacao; ESPN/arquivo local como fallback,"Sem link direto auditado; procurar por temporada, rodada, times, placar e data do banco."
2013,31,4528,2013-10-26,Cruzeiro,Criciuma,5-3,"formacao_mandante, formacao_visitante",Marcelo Oliveira,Argel Fuchs,,,,,,,,,Transfermarkt buscar por jogo; ogol se Transfermarkt nao trouxer tecnico/formacao; ESPN/arquivo local como fallback,"Sem link direto auditado; procurar por temporada, rodada, times, placar e data do banco."
2013,31,4529,2013-10-27,Bahia,Athletico-PR,1-1,"formacao_mandante, formacao_visitante",Cristóvão Borges,Vagner Mancini,,,,,,,,,Transfermarkt buscar por jogo; ogol se Transfermarkt nao trouxer tecnico/formacao; ESPN/arquivo local como fallback,"Sem link direto auditado; procurar por temporada, rodada, times, placar e data do banco."
2013,31,4531,2013-10-27,Internacional,Sao Paulo,2-3,"formacao_mandante, formacao_visitante",Clemer,Muricy Ramalho,,,,,,,,,Transfermarkt buscar por jogo; ogol se Transfermarkt nao trouxer tecnico/formacao; ESPN/arquivo local como fallback,"Sem link direto auditado; procurar por temporada, rodada, times, placar e data do banco."
2013,31,4533,2013-10-27,Portuguesa,Flamengo,0-0,"formacao_mandante, formacao_visitante",Guto Ferreira,Jayme de Almeida Filho,,,,,,,,,Transfermarkt buscar por jogo; ogol se Transfermarkt nao trouxer tecnico/formacao; ESPN/arquivo local como fallback,"Sem link direto auditado; procurar por temporada, rodada, times, placar e data do banco."
2013,31,4535,2013-10-27,Fluminense,Vitoria,2-3,"formacao_mandante, formacao_visitante",Vanderlei Luxemburgo,Ney Franco,,,,,,,,,Transfermarkt buscar por jogo; ogol se Transfermarkt nao trouxer tecnico/formacao; ESPN/arquivo local como fallback,"Sem link direto auditado; procurar por temporada, rodada, times, placar e data do banco."
2013,31,4536,2013-10-27,Nautico,Goias,0-2,"formacao_mandante, formacao_visitante",Marcelo Martelotte,Enderson Moreira,,,,,,,,,Transfermarkt buscar por jogo; ogol se Transfermarkt nao trouxer tecnico/formacao; ESPN/arquivo local como fallback,"Sem link direto auditado; procurar por temporada, rodada, times, placar e data do banco."
2013,32,4537,2013-11-02,Sao Paulo,Portuguesa,2-1,"formacao_mandante, formacao_visitante",Muricy Ramalho,Guto Ferreira,,,,,,,,,Transfermarkt buscar por jogo; ogol se Transfermarkt nao trouxer tecnico/formacao; ESPN/arquivo local como fallback,"Sem link direto auditado; procurar por temporada, rodada, times, placar e data do banco."
2013,32,4538,2013-11-02,Vasco,Coritiba,2-1,"formacao_mandante, formacao_visitante",Adilson Batista,Péricles Chamusca,,,,,,,,,Transfermarkt buscar por jogo; ogol se Transfermarkt nao trouxer tecnico/formacao; ESPN/arquivo local como fallback,"Sem link direto auditado; procurar por temporada, rodada, times, placar e data do banco."
2013,32,4539,2013-11-02,Atletico-MG,Nautico,5-0,"formacao_mandante, formacao_visitante",Cuca,Marcelo Martelotte,,,,,,,,,Transfermarkt buscar por jogo; ogol se Transfermarkt nao trouxer tecnico/formacao; ESPN/arquivo local como fallback,"Sem link direto auditado; procurar por temporada, rodada, times, placar e data do banco."
2013,32,4540,2013-11-03,Goias,Botafogo-RJ,1-0,"formacao_mandante, formacao_visitante",Enderson Moreira,Oswaldo de Oliveira,,,,,,,,,Transfermarkt buscar por jogo; ogol se Transfermarkt nao trouxer tecnico/formacao; ESPN/arquivo local como fallback,"Sem link direto auditado; procurar por temporada, rodada, times, placar e data do banco."
2013,32,4542,2013-11-03,Santos,Cruzeiro,0-1,"formacao_mandante, formacao_visitante",Claudinei Oliveira,Marcelo Oliveira,,,,,,,,,Transfermarkt buscar por jogo; ogol se Transfermarkt nao trouxer tecnico/formacao; ESPN/arquivo local como fallback,"Sem link direto auditado; procurar por temporada, rodada, times, placar e data do banco."
2013,32,4543,2013-11-03,Vitoria,Corinthians,1-1,"formacao_mandante, formacao_visitante",Ney Franco,Tite,,,,,,,,,Transfermarkt buscar por jogo; ogol se Transfermarkt nao trouxer tecnico/formacao; ESPN/arquivo local como fallback,"Sem link direto auditado; procurar por temporada, rodada, times, placar e data do banco."
2013,32,4544,2013-11-03,Athletico-PR,Internacional,1-0,"formacao_mandante, formacao_visitante",Vagner Mancini,Clemer,,,,,,,,,Transfermarkt buscar por jogo; ogol se Transfermarkt nao trouxer tecnico/formacao; ESPN/arquivo local como fallback,"Sem link direto auditado; procurar por temporada, rodada, times, placar e data do banco."
2013,32,4545,2013-11-03,Criciuma,Ponte Preta,1-1,"formacao_mandante, formacao_visitante",Argel Fuchs,Jorginho,,,,,,,,,Transfermarkt buscar por jogo; ogol se Transfermarkt nao trouxer tecnico/formacao; ESPN/arquivo local como fallback,"Sem link direto auditado; procurar por temporada, rodada, times, placar e data do banco."
2013,32,4546,2013-11-03,Flamengo,Fluminense,1-0,"formacao_mandante, formacao_visitante",Jayme de Almeida Filho,Vanderlei Luxemburgo,,,,,,,,,Transfermarkt buscar por jogo; ogol se Transfermarkt nao trouxer tecnico/formacao; ESPN/arquivo local como fallback,"Sem link direto auditado; procurar por temporada, rodada, times, placar e data do banco."
2013,34,4557,2013-11-13,Goias,Ponte Preta,2-0,"formacao_mandante, formacao_visitante",Enderson Moreira,Jorginho,,,,,,,,,Transfermarkt buscar por jogo; ogol se Transfermarkt nao trouxer tecnico/formacao; ESPN/arquivo local como fallback,"Sem link direto auditado; procurar por temporada, rodada, times, placar e data do banco."
2013,34,4559,2013-11-13,Botafogo-RJ,Portuguesa,0-0,"formacao_mandante, formacao_visitante",Oswaldo de Oliveira,Guto Ferreira,,,,,,,,,Transfermarkt buscar por jogo; ogol se Transfermarkt nao trouxer tecnico/formacao; ESPN/arquivo local como fallback,"Sem link direto auditado; procurar por temporada, rodada, times, placar e data do banco."
2013,34,4560,2013-11-13,Criciuma,Athletico-PR,2-1,"formacao_mandante, formacao_visitante",Argel Fuchs,Vagner Mancini,,,,,,,,,Transfermarkt buscar por jogo; ogol se Transfermarkt nao trouxer tecnico/formacao; ESPN/arquivo local como fallback,"Sem link direto auditado; procurar por temporada, rodada, times, placar e data do banco."
2013,34,4561,2013-11-13,Coritiba,Corinthians,0-1,"formacao_mandante, formacao_visitante",Péricles Chamusca,Tite,,,,,,,,,Transfermarkt buscar por jogo; ogol se Transfermarkt nao trouxer tecnico/formacao; ESPN/arquivo local como fallback,"Sem link direto auditado; procurar por temporada, rodada, times, placar e data do banco."
2013,34,4562,2013-11-13,Sao Paulo,Flamengo,2-0,"formacao_mandante, formacao_visitante",Muricy Ramalho,Jayme de Almeida Filho,,,,,,,,,Transfermarkt buscar por jogo; ogol se Transfermarkt nao trouxer tecnico/formacao; ESPN/arquivo local como fallback,"Sem link direto auditado; procurar por temporada, rodada, times, placar e data do banco."
2013,34,4563,2013-11-13,Vitoria,Cruzeiro,1-3,"formacao_mandante, formacao_visitante",Ney Franco,Marcelo Oliveira,,,,,,,,,Transfermarkt buscar por jogo; ogol se Transfermarkt nao trouxer tecnico/formacao; ESPN/arquivo local como fallback,"Sem link direto auditado; procurar por temporada, rodada, times, placar e data do banco."
2013,34,4564,2013-11-14,Santos,Bahia,3-0,"formacao_mandante, formacao_visitante",Claudinei Oliveira,Cristóvão Borges,,,,,,,,,Transfermarkt buscar por jogo; ogol se Transfermarkt nao trouxer tecnico/formacao; ESPN/arquivo local como fallback,"Sem link direto auditado; procurar por temporada, rodada, times, placar e data do banco."
2013,34,4565,2013-11-14,Atletico-MG,Internacional,2-1,"formacao_mandante, formacao_visitante",Cuca,Clemer,,,,,,,,,Transfermarkt buscar por jogo; ogol se Transfermarkt nao trouxer tecnico/formacao; ESPN/arquivo local como fallback,"Sem link direto auditado; procurar por temporada, rodada, times, placar e data do banco."
2013,34,4566,2013-11-14,Fluminense,Nautico,2-0,"formacao_mandante, formacao_visitante",Dorival Júnior,Marcelo Martelotte,,,,,,,,,Transfermarkt buscar por jogo; ogol se Transfermarkt nao trouxer tecnico/formacao; ESPN/arquivo local como fallback,"Sem link direto auditado; procurar por temporada, rodada, times, placar e data do banco."
2013,35,4567,2013-11-16,Botafogo-RJ,Athletico-PR,4-0,"formacao_mandante, formacao_visitante",Oswaldo de Oliveira,Vagner Mancini,,,,,,,,,Transfermarkt buscar por jogo; ogol se Transfermarkt nao trouxer tecnico/formacao; ESPN/arquivo local como fallback,"Sem link direto auditado; procurar por temporada, rodada, times, placar e data do banco."
2013,35,4568,2013-11-16,Coritiba,Criciuma,1-2,"formacao_mandante, formacao_visitante",Péricles Chamusca,Argel Fuchs,,,,,,,,,Transfermarkt buscar por jogo; ogol se Transfermarkt nao trouxer tecnico/formacao; ESPN/arquivo local como fallback,"Sem link direto auditado; procurar por temporada, rodada, times, placar e data do banco."
2013,35,4569,2013-11-17,Corinthians,Vasco,0-0,"formacao_mandante, formacao_visitante",Tite,Adilson Batista,,,,,,,,,Transfermarkt buscar por jogo; ogol se Transfermarkt nao trouxer tecnico/formacao; ESPN/arquivo local como fallback,"Sem link direto auditado; procurar por temporada, rodada, times, placar e data do banco."
2013,35,4570,2013-11-17,Cruzeiro,Ponte Preta,2-2,"formacao_mandante, formacao_visitante",Marcelo Oliveira,Jorginho,,,,,,,,,Transfermarkt buscar por jogo; ogol se Transfermarkt nao trouxer tecnico/formacao; ESPN/arquivo local como fallback,"Sem link direto auditado; procurar por temporada, rodada, times, placar e data do banco."
2013,35,4571,2013-11-17,Fluminense,Sao Paulo,2-1,"formacao_mandante, formacao_visitante",Dorival Júnior,Muricy Ramalho,,,,,,,,,Transfermarkt buscar por jogo; ogol se Transfermarkt nao trouxer tecnico/formacao; ESPN/arquivo local como fallback,"Sem link direto auditado; procurar por temporada, rodada, times, placar e data do banco."
2013,35,4572,2013-11-17,Vitoria,Santos,2-0,"formacao_mandante, formacao_visitante",Ney Franco,Claudinei Oliveira,,,,,,,,,Transfermarkt buscar por jogo; ogol se Transfermarkt nao trouxer tecnico/formacao; ESPN/arquivo local como fallback,"Sem link direto auditado; procurar por temporada, rodada, times, placar e data do banco."
2013,35,4573,2013-11-17,Goias,Internacional,3-1,"formacao_mandante, formacao_visitante",Enderson Moreira,Clemer,,,,,,,,,Transfermarkt buscar por jogo; ogol se Transfermarkt nao trouxer tecnico/formacao; ESPN/arquivo local como fallback,"Sem link direto auditado; procurar por temporada, rodada, times, placar e data do banco."
2013,35,4575,2013-11-17,Nautico,Bahia,0-1,"formacao_mandante, formacao_visitante",Marcelo Martelotte,Cristóvão Borges,,,,,,,,,Transfermarkt buscar por jogo; ogol se Transfermarkt nao trouxer tecnico/formacao; ESPN/arquivo local como fallback,"Sem link direto auditado; procurar por temporada, rodada, times, placar e data do banco."
2013,35,4576,2013-11-17,Portuguesa,Atletico-MG,2-0,"formacao_mandante, formacao_visitante",Guto Ferreira,Cuca,,,,,,,,,Transfermarkt buscar por jogo; ogol se Transfermarkt nao trouxer tecnico/formacao; ESPN/arquivo local como fallback,"Sem link direto auditado; procurar por temporada, rodada, times, placar e data do banco."
2013,36,4577,2013-11-23,Criciuma,Vitoria,1-1,"formacao_mandante, formacao_visitante",Argel Fuchs,Ney Franco,,,,,,,,,Transfermarkt buscar por jogo; ogol se Transfermarkt nao trouxer tecnico/formacao; ESPN/arquivo local como fallback,"Sem link direto auditado; procurar por temporada, rodada, times, placar e data do banco."
2013,36,4578,2013-11-23,Vasco,Cruzeiro,2-1,"formacao_mandante, formacao_visitante",Adilson Batista,Marcelo Oliveira,,,,,,,,,Transfermarkt buscar por jogo; ogol se Transfermarkt nao trouxer tecnico/formacao; ESPN/arquivo local como fallback,"Sem link direto auditado; procurar por temporada, rodada, times, placar e data do banco."
2013,36,4580,2013-11-24,Athletico-PR,Nautico,6-1,"formacao_mandante, formacao_visitante",Vagner Mancini,Marcelo Martelotte,,,,,,,,,Transfermarkt buscar por jogo; ogol se Transfermarkt nao trouxer tecnico/formacao; ESPN/arquivo local como fallback,"Sem link direto auditado; procurar por temporada, rodada, times, placar e data do banco."
2013,37,4590,2013-12-01,Criciuma,Sao Paulo,1-0,"formacao_mandante, formacao_visitante",Argel Fuchs,Muricy Ramalho,,,,,,,,,Transfermarkt buscar por jogo; ogol se Transfermarkt nao trouxer tecnico/formacao; ESPN/arquivo local como fallback,"Sem link direto auditado; procurar por temporada, rodada, times, placar e data do banco."
2013,37,4591,2013-12-01,Cruzeiro,Bahia,1-2,"formacao_mandante, formacao_visitante",Marcelo Oliveira,Cristóvão Borges,,,,,,,,,Transfermarkt buscar por jogo; ogol se Transfermarkt nao trouxer tecnico/formacao; ESPN/arquivo local como fallback,"Sem link direto auditado; procurar por temporada, rodada, times, placar e data do banco."
2013,37,4594,2013-12-01,Vitoria,Flamengo,4-2,"formacao_mandante, formacao_visitante",Ney Franco,Jayme de Almeida Filho,,,,,,,,,Transfermarkt buscar por jogo; ogol se Transfermarkt nao trouxer tecnico/formacao; ESPN/arquivo local como fallback,"Sem link direto auditado; procurar por temporada, rodada, times, placar e data do banco."
